CNPJ_Fundo_Classe;Data_Referencia;Versao;Endereco;Outras_Caracteristicas_Relevantes;Area;Percentual_Terreno_Total_Investido;Percentual_Terreno_PL
00.868.235/0001-08;2025-03-31;1;Rua Primeiro de Janeiro, 100;Terreno;3950;1;0
01.235.622/0001-61;2025-03-31;1;Av. Vereador Hermínio Moreira - Itaboraí, RJ;Itaboraí;20000;0;0
01.235.622/0001-61;2025-03-31;1;Rodovia Darly Santos - Vila Velha - ES;Green Village;477000;0;0
01.235.622/0001-61;2025-03-31;1;Praia Rasa, Búzios - RJ;Aretê - Toriba I;11537;0;0
01.235.622/0001-61;2025-03-31;1;Praia Rasa, Búzios - RJ;Aretê - Toriba Oeste;15039;0;0
01.235.622/0001-61;2025-03-31;1;Praia Rasa, Búzios - RJ;Aretê - Ybirá Fase I;20471;0;0
01.235.622/0001-61;2025-03-31;1;Praia Rasa, Búzios - RJ;Aretê - Ybirá Fase II;5274;0;0
01.235.622/0001-61;2025-03-31;1;Praia Rasa, Búzios - RJ;ARETÊ - TORIBA SUL;6287.47;0;0
01.235.622/0001-61;2025-03-31;1;Praia Rasa, Búzios - RJ;Aretê - Ybirá Fase III;4229;0;0
01.235.622/0001-61;2025-03-31;1;Praia Rasa, Búzios - RJ;Aretê - Vista Ybirá;3870.28;0;0
01.235.622/0001-61;2025-03-31;1;Praia Rasa, Búzios - RJ;Aretê - Ybirá Fase IV;4349;0;0
01.235.622/0001-61;2025-03-31;1;Rua José Higino n° 416 - Tijuca, RJ;Homem de Melo - Tijuca;9430;0;0
01.235.622/0001-61;2025-03-31;1;Avenida Lineu de Paula Machado, 696/708 - Lagoa, RJ;Lineu de Paula Machado;249.84;0;0
01.235.622/0001-61;2025-03-31;1;Rua Fernandes Guimarães, nºs 39 e 43 e Rua Arnaldo Quintela nºs, 24, 26, 30 e 32;Arnaldo Quintela;1635.64;0;0
01.235.622/0001-61;2025-03-31;1;Avenida Epitácio pessoa, 3744 e 3800;Epitácio Pessoa, 3744 e 3800;952.33;0;0
01.235.622/0001-61;2025-03-31;1;Rua Visconde de Pirajá, 484 e 486;Visconde de Pirajá;360;0;0
01.235.622/0001-61;2025-03-31;1;Rua Barão da Torre, nº 662;Barão da Torre;287.5;0;0
01.235.622/0001-61;2025-03-31;1;Fernandes Guimarães, 75, 79 e 81;Fernandes Guimarães;656.24;0;0
01.235.622/0001-61;2025-03-31;1;Alberto de Campos, 100;Alberto de Campos;160;0;0
01.235.622/0001-61;2025-03-31;1;Sorocaba, 420, 422 e 436;Sorocaba;949.8;0;0
01.235.622/0001-61;2025-03-31;1;Rua do Russel, no 632, Glória, Rio de Janeiro - RJ;Hotel Gloria;9066;0;0
01.235.622/0001-61;2025-03-31;1;R. Barão da Torre, 662 - Ipanema;Barao Da Torre, 662;287.5;0;0
01.235.622/0001-61;2025-03-31;1;Av. das Américas - Barra da Tijuca - RJ;Extra Barra;122350;0;0
01.235.622/0001-61;2025-03-31;1;Av. Epitácio Pessoa, 3744 - 3800 - Ipanema - RJ;Epitácio Pessoa;952.33;0;0
01.235.622/0001-61;2025-03-31;1;R. Prudente de Morais, 589 - Ipanema - RJ;Prudente De Morais, 589;5266;0;0
01.235.622/0001-61;2025-03-31;1;R. Tonelero, 61 - Copacabana - RJ;Rua Tonelero, 61;441.78;0;0
01.633.741/0001-72;2025-03-31;1;Rua Julio Gonzales,  132;Fundo legítmo proprietário do imóvel conforme matrícula e contrato de compra e venda. Os imóveis não possuem ônus reais bem como qualquer garantia. Os imóveis não foram adquiridos em regime de condomínio. Não há prazo para construção de empreendimento, pois, as construções estão concluídas.;3490;1;0
05.437.916/0001-27;2025-03-31;1;Rodovia Anhanguera, s/n km 17,5;Fundo legítmo proprietário do imóvel conforme matrícula e contrato de compra e venda. Os imóveis não possuem ônus reais bem como qualquer garantia e não foram adquiridos em regime de condomínio. Todas as construções estão concluídas.;61543.5;0.717347;0
05.437.916/0001-27;2025-03-31;1;Rua Sargento Aquino, 136;Fundo legítmo proprietário do imóvel conforme matrícula e contrato de compra e venda. Os imóveis não possuem ônus reais bem como qualquer garantia e não foram adquiridos em regime de condomínio. Todas as construções estão concluídas.;6172.5;0.078725;0
05.437.916/0001-27;2025-03-31;1;Rua Comandante Vergueiro da Cruz, 206;Fundo legítmo proprietário do imóvel conforme matrícula e contrato de compra e venda. Os imóveis não possuem ônus reais bem como qualquer garantia e não foram adquiridos em regime de condomínio. Todas as construções estão concluídas.;6172.5;0.095311;0
05.437.916/0001-27;2025-03-31;1;Av. Interlagos, 4455;Fundo legítmo proprietário do imóvel conforme matrícula e contrato de compra e venda. Os imóveis não possuem ônus reais bem como qualquer garantia e não foram adquiridos em regime de condomínio. Todas as construções estão concluídas.;6305.75;0.108617;0
10.456.799/0001-89;2025-03-31;1;Av. Das Indústrias, 1587, Bairro São João, Porto Alegre-RS. Quadra A, lote 1 ao 5 e Quadras B ao G, lotes 1.;Nenhuma;272389.28;0;0
10.456.799/0001-89;2025-03-31;1;Av. Veríssimo de Amaral, 320, Bairro Passo d'Areia, Porto Alegre-RS. Quadra G.;Nenhuma;22269.82;0;0
10.456.799/0001-89;2025-03-31;1;Rua Antônio Carlos Berta, 345, Bairro Boa Vista, Porto Alegre-RS. Quadra G.;Nenhuma;16837.79;0;0
10.456.799/0001-89;2025-03-31;1;Av. Veríssimo de Amaral, 50, Bairro Passo d'Areia, Porto Alegre-RS. Quadra I.;Nenhuma;9068.73;0;0
10.456.799/0001-89;2025-03-31;1;Av. Senador Tarso Dutra, 735, Bairro Petropolis, Porto Alegre-RS. Quadra C, lote 1.;Nenhuma;16618.56;0;0
10.456.799/0001-89;2025-03-31;1;Av. Senador Tarso Dutra, 495, Bairro Petropolis, Porto Alegre-RS. Quadra H, lote 1A.;Nenhuma;2216.43;0;0
10.456.799/0001-89;2025-03-31;1;Mário Leitão, 150, Bairro Petropolis, Porto Alegre-RS. Quadra H, lote 3A.;Nenhuma;6034.29;0;0
10.456.799/0001-89;2025-03-31;1;Av. Veríssimo do Amaral, 37 , Bairro Passo d'Areia, Porto Alegre-RS. Quadra 154, lote 1 ao 3.;Nenhuma;1153.19;0;0
10.456.799/0001-89;2025-03-31;1;Av. Dr. Nilo Peçanha, Bairro Chácara das Pedras, Porto Alegre-RS. Quadra 154 , lotes do 14 ao 22.;Nenhuma;4513.65;0;0
10.456.799/0001-89;2025-03-31;1;Rua Cel Genes Bento, Vila Ipiranga, Porto Alegre-RS. Quadra 154, lotes do 23 ao 27.;Nenhuma;2783.22;0;0
10.456.799/0001-89;2025-03-31;1;Rua Juncal, 40, 50 e 60, Vila Ipiranga, Porto Alegre-RS. Quadra 154, lotes do 28 ao 30.;Nenhuma;1578.24;0;0
10.456.799/0001-89;2025-03-31;1;Av. Nilo Peçanha, 3410, 3420 e 3430, Bairro Chácara das Pedras, Porto Alegre-RS. Quadra 153, lotes 1 ao 12.;Nenhuma;5445.18;0;0
10.456.799/0001-89;2025-03-31;1;Av. Nilo Peçanha, 3530, Bairro Chácara das Pedras, Porto Alegre-RS. Quadra 14, lote 631.;Nenhuma;554.23;0;0
10.456.799/0001-89;2025-03-31;1;Rua Vinte e Quatro de Maio 368, Vila Rosa, Novo Hamburgo-RS. Lotes A e B.;Nenhuma;13345.19;0;0
10.456.799/0001-89;2025-03-31;1;Av. Nações Unidas s/n, Vila Rosa, Novo Hamburgo-RS. Lote C.;Nenhuma;31744.81;0;0
10.456.799/0001-89;2025-03-31;1;Av. Severo Dullius, 895, Bairro São João, Porto Alegre-RS;Nenhuma;3000.1;0;0
10.456.799/0001-89;2025-03-31;1;Av. Severo Dullius, 1025, Bairro São João, Porto Alegre-RS;Nenhuma;4400;0;0
10.456.799/0001-89;2025-03-31;1;Av. Dos Estados, 1713, Bairro São João, Porto Alegre-RS;Nenhuma;14154.41;0;0
10.456.799/0001-89;2025-03-31;1;Rua Mirim, 146, Vila Ipiranga, Porto Alegre-RS;Nenhuma;217;0;0
10.456.799/0001-89;2025-03-31;1;Av. Manoel Elias, 891 e 901, Passo das Pedras, Porto Alegre-RS;Nenhuma;23157.42;0;0
10.456.799/0001-89;2025-03-31;1;Rua Dietrich Hilbk, Bairro Morro do Espelho, São Leopoldo-RS;Nenhuma;1302.12;0;0
10.456.799/0001-89;2025-03-31;1;Av. Maua, 3164, São Leopoldo-RS (8 lotes lindeiros);Nenhuma;19210.31;0;0
11.268.335/0001-01;2025-03-31;1;Fazenda Indaiatuba - Alameda Porteira de Ferro;Nenhuma característica relevante;37303;0.090686;0.002216
11.326.746/0001-06;2025-03-31;1;Rua Amanas S/N, Qd C Lt 03 - Quinta dos Anjicos II - Jd.Maranhão;Projetado um loteamento para o local, onde o terreno em questão está incluso;6179;0;0
11.326.746/0001-06;2025-03-31;1;Rodovia Dom Pedro I, altura do KM 131 - Fazenda São Quirino;Trata-se de um terreno localizado s margens da Rodovia Dom Pedro I, próximo do Shopping Galleria e de outros equipamentos comerciais, com acesso fácil e rápido.;31564.06;0;0
11.326.746/0001-06;2025-03-31;1;Aldeia Itajuba, 0, Chacaras Joapiranga II - Valinhos/SP;O imóvel está localizado na marginal da Rodovia Anhanguera em uma localidade industrial, com acesso tido como fácil rápido.;17305;0;0
11.326.746/0001-06;2025-03-31;1;Rua Cica , 645, Esquina com Rua São Luis - Jardim Cica;Trata-se de um terreno localizado em uma via comercial com vários empreendimentos de âmbitos locais. Além disso, está próximo de vias de circulação intensa e fluxos rápidos e fáceis, o que contribui para uma localização tida como boa;12841;0;0
11.326.746/0001-06;2025-03-31;1;Rodovia Santos Dumont (SP 075) KM 59+900m - Indaiatuba/SP;O imóvel em questão está localizado a beira da rodovia com ampla frente o que lhe permite fácil acesso. Se considerarmos um uso logístico há ainda a opção da malha ferroviária, embora esta seja mais difícil. Em termos gerais, podemos dizer que a localização é tida como boa.;50043.7;0;0
11.326.746/0001-06;2025-03-31;1;Rodovia Santos Dumont (SP 075) KM 59+900m - Indaiatuba/SP;O imóvel em questão está localizado a beira da rodovia com ampla frente o que lhe permite fácil acesso. Se considerarmos um uso logístico há ainda a opção da malha ferroviária, embora esta seja mais difícil. Em termos gerais, podemos dizer que a localização é tida como boa.;98318.96;0;0
11.326.746/0001-06;2025-03-31;1;Rua das Indústrias, 250  x Rua Clark, Morro das Pedras, Valinhos / SP;Os imóveis são atualmente terrenos vazios que pertecem a região administrativa da Macuco, originados a partir do desmembramento da Gleba C da fazenda Morro das Pedras, no município de Valinhos - SP.;9932.52;0;0
12.927.767/0001-40;2025-03-31;1;Avenida Francisco Bicalho, nº 146, Bairro Santo Cristo, Município do Rio de Janeiro, Estado do Rio de Janeiro.;O FII RP detém o domínio útil do imóvel, adquirido mediante integralização de cotas com bem imóvel.;14141;0.226699;0
12.927.767/0001-40;2025-03-31;1;Avenida Pedro II, nº 67, Bairro São Cristóvão, Município do Rio de Janeiro, Estado do Rio de Janeiro;O FII RP detém o domínio, posse, direitos e ação, adquirido mediante incorporação de bem imóvel.;18400;0.260435;0
12.927.767/0001-40;2025-03-31;1;Avenida Francisco Bicalho, nº 49, Bairro Santo Cristo, Município do Rio de Janeiro, Estado do Rio de Janeiro;O FII RP detém o domínio útil do imóvel, adquirido mediante incorporação de bem imóvel.;32240;0.395975;0
12.927.767/0001-40;2025-03-31;1;Rua General Luiz Mendes de Moraes, nº 50, Bairro Santo Cristo, Município do Rio de Janeiro, Estado do Rio de Janeiro;O FII RP detém o domínio útil do imóvel, adquirido mediante incorporação de bem imóvel.;15021.18;0.116892;0
12.969.125/0001-03;2025-03-31;1;Avenida Monte Cristo, 386;Dação em pagamento da fração ideal de 40% dos imóveis da Lago da Floresta em favor do Fundo, em cumprimento aos acordos celebrados junto a SIPAR;2975;0.00428393234001761;0.00428924159929561
12.969.125/0001-03;2025-03-31;1;Avenida Monte Cristo, 388;Dação em pagamento da fração ideal de 40% dos imóveis da Lago da Floresta em favor do Fundo, em cumprimento aos acordos celebrados junto a SIPAR;11770;0.000642939274521404;0.000643736096468509
12.969.125/0001-03;2025-03-31;1;Avenida Monte Cristo, 390;Dação em pagamento da fração ideal de 40% dos imóveis da Lago da Floresta em favor do Fundo, em cumprimento aos acordos celebrados junto a SIPAR;525;0.00106923596741059;0.00107056111695306
12.969.125/0001-03;2025-03-31;1;Avenida Monte Cristo, 400;Dação em pagamento da fração ideal de 40% dos imóveis da Lago da Floresta em favor do Fundo, em cumprimento aos acordos celebrados junto a SIPAR;1050;0.00171392235952581;0.00171604649629241
12.989.974/0001-29;2025-03-31;1;Avenida São Cristovão, nº 1200, Bairro São Cristóvão, Município do Rio de Janeiro, Estado do Rio de Janeiro;O FII PM detém o domínio útil do imóvel, adquirido mediante compra e venda.;86592.3;0.945872;0
12.989.974/0001-29;2025-03-31;1;Praça Marechal Hermes, nº 63, LOTE 1 , QUADRAS 3 e 4. Bairro Santo Cristo, Município do Rio de Janeiro, Estado do Rio de Janeiro;O FII PM detém o domínio útil do imóvel, adquirido mediante compra e venda.;18571.95;0.054178;0
13.320.290/0001-00;2025-03-31;1;Avenida Luiz Gushiken, S/n°, Sem Complemento, Fazenda Grande, Jundiaí/SP, Brasil, 13212-437;Direito de Propriedade;27093.26;0.4544274530628;0
13.320.290/0001-00;2025-03-31;1;Avenida Francisco Roveri, S/n°, Sem Complemento, Parque Almerinda Pereira Chaves, Jundiaí/SP, Brasil, 13212-541;Direito de Propriedade;108556.75;0.5455725469372;0
13.555.918/0001-49;2025-03-31;1;Rodovia Presidente Dutra, Km 192 - Queimados - RJ.;Possui acesso pela estrada Olegório maciel conectando-se a área urbana da cidade a 3 km do centro da cidade, assim como estação de trem da Supervia e toda a rede de comércio (bancos, supermercados e shoppings).;109619.53;0.76;0
13.555.918/0001-49;2025-03-31;1;Rodovia Presidente Dutra, Km 189 e 190 - Queimados - RJ.;Queimados - RJ.Situado entre os municípios de nova iguaçu - RJ e Queimados próximo a entrada da cidade de Queimados;116446.84;0.24;1
13.598.226/0001-88;2025-03-31;1;RODOVIA WALDOMIRO CORREA CAMARGO KM 63 - ITU - SP;ID 164 RODOVIA WALDOMIRO CORREA CAMARGO KM 63 - ITU - SP;164996.69;0.096826;0
13.598.226/0001-88;2025-03-31;1;RODOVIA WALDOMIRO CORREA CAMARGO KM 63 - ITU - SP;ID 165 RODOVIA WALDOMIRO CORREA CAMARGO KM 63 - ITU - SP;810291.35;0.198556;0
13.598.226/0001-88;2025-03-31;1;LUCAS N GARCEZ, 320;ID 197 MATRICULA 52.114;255.15;0.006011;0
13.598.226/0001-88;2025-03-31;1;LUCAS N GARCEZ, 310;ID 199 MATRICULA 85.732;303.07;0.007168;0
13.598.226/0001-88;2025-03-31;1;RUA CALIFORNIA, 1381;ID 213 MATRICULA 134.796;5417;4.7E-05;0
13.598.226/0001-88;2025-03-31;1;AV J R MARINHO;ID 223 MATRICULA 92.477;204;0.013022;0
13.598.226/0001-88;2025-03-31;1;RUA BRAMMER NETTO, 14;ID 72 MATRICULA 107.639;232;0.023407;0
13.598.226/0001-88;2025-03-31;1;RUA NIAGARA, 51;ID 214 MATRICULA 275.088;225;0.008811;0
13.598.226/0001-88;2025-03-31;1;AV J. MARINHO;ID 74 MATRICULA 77.654;95;0.003709;0
13.598.226/0001-88;2025-03-31;1;AV J. MARINHO;ID 75 MATRICULA 77.673;90;0.003511;0
13.598.226/0001-88;2025-03-31;1;RUA NIAGARA, 59;ID 97 MATRICULA 85.449;310;0.011959;0
13.598.226/0001-88;2025-03-31;1;RUA OSCAR GOMES CARDIM;ID 100 MATRICULA 135708;872;0.024556;0
13.598.226/0001-88;2025-03-31;1;RUA GENERAL GLICERIO, 191;ID 121 MATRICULA 94073;1211.55;0.011564;0
13.598.226/0001-88;2025-03-31;1;PERNAMBUCO, 14;ID 151 MATRICULAS 50772 E 50773;1280;0.01119;0
13.598.226/0001-88;2025-03-31;1;ROD WALDOMIRO CORREA KM 58;ID 166 MATRICULA 92730;48110.01;0.065721;0
13.598.226/0001-88;2025-03-31;1;PRES KENNEDY;ID 193 MATRICULA 23477;70752;0.348566;0
13.598.226/0001-88;2025-03-31;1;CONEGO DOMENICO, GUARUJA;ID 248 MATRICULA 108172;100500;0.087013;0
13.598.226/0001-88;2025-03-31;1;RUA ARAÇAÍBA, 149;ID 264 MATRICULA 66593;500;0.020037;0
13.598.226/0001-88;2025-03-31;1;RUA ARAÇAÍBA, 139;ID 265 MATRICULA 66576;250;0.015796;0
13.598.226/0001-88;2025-03-31;1;RUA ARAÇAÍBA, 140;ID 266 MATRICULA 274002;250;0.01397;0
13.598.226/0001-88;2025-03-31;1;RUA RIBEIRO DO VALE, 222;ID 336 MATRICULA 66600;66.2;0.000925;0
13.598.226/0001-88;2025-03-31;1;RUA BENTO QUIRINO, 727;ID 42 MATRICULA 13616;1280;0.014166;0
13.598.226/0001-88;2025-03-31;1;RUA MANDU, 382;ID 86 MATRICULA 47492;720;0.013469;0
14.074.706/0001-02;2025-03-31;1;Moutain View Residencial;Próximo a Rua dos Industriários, Cidade Nova Lima - MG;500000;0.686;0.686
14.217.108/0001-45;2025-03-31;1;R. D. Francisca, 8300 - Dist. Indl - Joinville -SC;Matricula;277714.5;0.194537;0
14.217.108/0001-45;2025-03-31;1;R. Alemanha, nº 0 - Bairro Gloria Joinville - SC;Matricula;10635.13;0.058188;0
14.217.108/0001-45;2025-03-31;1;R. Silva Jardim, nº 0 - Bairro Gloria-Joinville-SC;Matricula;33650;0.18411;0
14.217.108/0001-45;2025-03-31;1;R. Otto Berner, nº 0 - Baiiro Gloria-Joinville-SC.;Matricula;36575;0.200114;0
14.217.108/0001-45;2025-03-31;1;R. Silva Jardim, nº 0 - Bairro Atiradores-Joinville-SC;Matricula;2100;0.01149;0
14.217.108/0001-45;2025-03-31;1;R. Sd 40187, nº 0 - Bairro Gloria - Joinville - SC;Matricula;2516.3;0.013768;0
14.217.108/0001-45;2025-03-31;1;R. Sd 40187, nº 0 - Bairro Gloria - Joinville - SC;Matricula;30367.1;0.166148;0
14.217.108/0001-45;2025-03-31;1;R. D. Nelson N. Guimareaes, nº - Bairro Gloria - Joinville - SC;Matricula;14587.09;0.079811;0
14.217.108/0001-45;2025-03-31;1;R. D. Nelson N. Guimareaes, nº - Bairro Gloria - Joinville - SC;Matricula;16784.49;0.091834;0
15.447.108/0001-02;2025-03-31;1;Av. Rotary, 1350. Guarulhos / SP - 07042-000;Não possui caracteristicas que destoem dos demais;16756.36;0;0
15.447.108/0001-02;2025-03-31;1;Avenida Rotary, 1151. Guarulhos / SP - 07042-000;Não possui caracteristicas que destoem dos demais;8459.3;0;0
15.489.509/0001-17;2025-03-31;1;Araxá - Capela de Santo Antônio - Bairro Alto, Araxá/MG;Contrato de Cessão de Superfície;15621;0.193607;0.0081
15.489.509/0001-17;2025-03-31;1;Bonfim - Localizado à Rua Barão de Retiro, 310 - Bairro Bonfim, Juiz de Fora/MG;Não se aplica;8360;0.094087;0
15.489.509/0001-17;2025-03-31;1;Uberlandia - Localizado à Rua Safra, 2111, Bairro Minas Gerais, Uberlândia/MG;Não se aplica;111064;0.328771;0
15.489.509/0001-17;2025-03-31;1;Expo Minas - Localizado à Rodovia BR-040, Km 790, Expo Minas - Bairro Fazendinha São Pedro, Juiz de Fora /MG;Não se aplica;72037;0.249537;0
15.489.509/0001-17;2025-03-31;1;Granja - R. Renato Pandolfi, 121 - Bairro Jd. De Alah, Juiz de Fora/MG (Granja Ipiranga);Não se aplica;24200;0.075836;0
15.489.509/0001-17;2025-03-31;1;Panorama - R. Americo Lobo - MZ SB Juiz de Fora/MG;Não se aplica;4939;0.058162;0
16.915.968/0001-88;2025-03-31;1;Av. Corifeu de Azevedo Marques, 3870, Butantã, São Paulo - SP;O imóvel foi adquirido por escritura de compra e venda, não há onus reais sobre o imóvel;890;1;0
18.369.510/0001-04;2025-03-31;1;Rodovia PR 445, km 85 - Lote 250 - A2-2, Cambé-PR.;RIO JACUTINGA S.A.;396258.23;1;0
18.929.353/0001-36;2025-03-31;1;Rua dos Otoni, 177 - Santa Efigênia - BH/MG;Edifício comercial, construído em 2014, composto por um único bloco, totalmente ocupado pela Direcional Engenharia como sede da empresa, mediante um contrato de locação de longo prazo.;9100.08;0;0
18.950.957/0001-64;2025-03-31;1;Rodovia MT - 208, Alta Floresta/MT;Terreno;29153.15;0.004;0.012027
18.950.957/0001-64;2025-03-31;1;Rua Francisco Cervi - Brusque - SC;Terreno;52362.7;0.000115;0
18.950.957/0001-64;2025-03-31;1;Rua Anfiloquio Nunes Pires, 49, Bela Vista - Gaspar - SC;Terreno;15824.21;0.002279;0
18.950.957/0001-64;2025-03-31;1;Rodovia BR 116, lateral com a Rua Wilson Feijó - Parolin - Curitiba - PR;Terreno;14771.1;0.010521;0.015716
18.950.957/0001-64;2025-03-31;1;Avenida Parigot de Souza, n° 1561, Jardim Porto Alegre - Toledo - PR;Terreno;25013;0.011483;0
21.862.783/0001-92;2025-03-31;1;Avenida Projetada,Povoado Mosqueiro - Aracaju - Sergipe;Empreendimento Residencial Morada do Lago;87948.51;1;0
22.340.978/0001-35;2025-03-31;1;Rua Antonio F. Ozanan, 11070 - Jundiaí;Matricula 61.468;15629;0.419683;0.00904860685386726
22.340.978/0001-35;2025-03-31;1;Lote 04 quadra 2 - "Loteamento Sítio Taguaiba" - Guarujá;Matricula 65.154;1860;0.193782;0
22.340.978/0001-35;2025-03-31;1;Av Senador Teotônio Villela, 26 (antiga Estrada de Rodagem Santo Amaro) - Parelheiros - SP;Matricula 297.603;6299;0.386535;0
24.514.406/0001-50;2025-03-31;1;Área Sul da Fazenda Praia do Forte, Município de Mata de São João, Bahia.;Área de terra denominada PR-01.1, PR-02.1, PR-03 e AS-04 resultante do amenbramento  de área de terras situada na área sul da Fazenda Praia do Forte, Município de Mata de São João, Bahia - Matrícula nº 27.444.;1232845.51;0;0
24.514.406/0001-50;2025-03-31;1;TUCURUÍ EMP - TERRENO URBANO, situado no lugar denominado "Taípe", às margens do córrego do Pitinga, na Estrada Arraial/Trancoso, em Arraial d'Ajuda, no Município de Porto Seguro, Bahia,;Medidas e confrontações constantes na matrícula 33.535 devidamente registrada no Registro Geral, do Ofício do Registro de Imóveis da Comarca de Porto Seguro, Bahia.;3767900;0;0
24.514.406/0001-50;2025-03-31;1;Terreno urbano - Conjunto Beija Floro e Nova Esperança. situada no Córrego Braço Direito do Rio do Norte, no município de PortoSeguro/BA,;Área total de 399.483,00 m² (trezentos e noventa e nove mil, quatrocentos e oitenta e três metros quadrados) e um perímetro de 3.000,808 em terras próprias, conforme descrição e caracterização da matrícula de n. 44.569 registrada junto ao Cartório de Registro de Imóveis da comarca de Porto Seguro/BA.;399483;0;0
24.514.406/0001-50;2025-03-31;1;Área da Fazenda Praia do Forte, Distrito de Açu da Torre, Município de Mata de São João, Bahia, em 21/12/2021;Área de terra contemplada com o termo de reserva legal da Fazenda Praia do Forte, Distrito de Açu da Torre, Município de Mata de São João, Bahia, identificada com AS-04, desmembrada da Matrícula nº 15.221, conf medidas e confrontações constantes na Matrícula nº 15.347.;55449.43;0;0
24.976.492/0001-13;2025-03-31;1;Av Ulysses reis de Mattos, Av Duquesa de Goias e Av Magalhães de Castro;Terrenos para construção de Shopping;160000;1;1
26.269.251/0001-60;2025-03-31;1;Av. José Biscio n° 53, Guariba - SP;Loteamento Industrial denominado "Parque Industrial Gov. Mario Covas", Formato irregular, Lotes n° 86,87,88,89,90 e 91.;8742.37;1;1
26.452.053/0001-37;2025-03-31;1;Avenida Inocêncio Seráfico, 3444, Vila Dirce, Município de Carapicuíba, Estado de São Paulo.;Terreno;2220;0;0
27.368.617/0001-10;2025-03-31;1;Coordenadas UTM N=7.803.827,02 - E=598.794,65, localizado junto à margem esquerda da Av. das Comtendas, CEP 32184-010 - Contagem-MG;Matrícula nº 155.707. Fazendo Boa Vista. Fundo é proprietário de 100% do terreno, sem ônus.;210442.43;0.995217;0
27.368.617/0001-10;2025-03-31;1;Parque Nacional da Serra do Gandarela - Reserva Ambiental. N/A, CEP 35450-000 - Itabirito - MG.;Matrícula nº 30.803;31059;0.004783;0
27.538.422/0001-71;2025-03-31;1;Av. Colombo, 9322 - Gleba Patrimônio, PR;IM.MARINGÁ;43655.34;1;0
27.538.477/0001-81;2025-03-31;1;Rodovia Anhanguera,299 Lote 02 Quadra 02 - 1ª Gleba Condominio Fazenda Santa Maria -Cravinhos -SP;14272_27538 - Matricula 14 272;1500;0;0
27.538.477/0001-81;2025-03-31;1;Alameda Doutor Newton Mendes Garcia,55 Lote 01 - Quadra 01 Jardim Olhos D' Água -Ribeirão Preto -SP;MONT L01Q01 - Matricula 171 084;2865.94;0;0
27.538.477/0001-81;2025-03-31;1;Regina Lúcia Balieiro Moço,135 Lote 01 - Quadra 03 Jardim Olhos D' Água -Ribeirão Preto -SP;MONT L01Q03 - Matricula 171 099;2854;0;0
27.538.477/0001-81;2025-03-31;1;Alameda Doutor Newton Mendes Garcia,85 Lote 02 - Quadra 01 Jardim Olhos D' Água -Ribeirão Preto -SP;MONT L02Q01 - Matricula 171 085;3067.01;0;0
27.538.477/0001-81;2025-03-31;1;Regina Lúcia Balieiro Moço,185 Lote 02 - Quadra 03 Jardim Olhos D' Água -Ribeirão Preto -SP;MONT L02Q03 - Matricula 171 100;2819.81;0;0
27.538.477/0001-81;2025-03-31;1;Regina Lúcia Balieiro Moço,235 Lote 03 - Quadra 03 Jardim Olhos D' Água -Ribeirão Preto -SP;MONT L03Q03 - Matricula 171 101;4499.72;0;0
27.538.477/0001-81;2025-03-31;1;Alameda Doutor Newton Mendes Garcia,180 Lote 04  - Quadra 02 Jardim Olhos D' Água -Ribeirão Preto -SP;MONT L04Q02 - Matricula 205 886;3171.53;0;0
27.538.477/0001-81;2025-03-31;1;Alameda Arthur Furquim,625 Lote 04 - Quadra 03 Jardim Olhos D' Água -Ribeirão Preto -SP;MONT L04Q03 - Matricula 171 102;4341.75;0;0
27.538.477/0001-81;2025-03-31;1;Alameda Doutor Newton Mendes Garcia,235 Lote 05 - Quadra 01 Jardim Olhos D' Água -Ribeirão Preto -SP;MONT L05Q01 - Matricula 171 088;3215.79;0;0
27.538.477/0001-81;2025-03-31;1;Alameda Doutor Newton Mendes Garcia,230 Lote 05 - Quadra 02 Jardim Olhos D' Água -Ribeirão Preto -SP;MONT L05Q02 - Matricula 205 885;3699.37;0;0
27.538.477/0001-81;2025-03-31;1;Alameda Arthur Furquim,0 Lote 05 - Quadra 03 Jardim Olhos D' Água -Ribeirão Preto -SP;MONT L05Q03 - Matricula 171 103;3673.88;0;0
27.538.477/0001-81;2025-03-31;1;Alameda Arthur Furquim,450 Lote 06 - Quadra 01 Jardim Olhos D' Água -Ribeirão Preto -SP;MONT L06Q01 - Matricula 171 089;300.62;0;0
27.538.477/0001-81;2025-03-31;1;Alameda Arthur Furquim,530 Lote 06 - Quadra 02 Jardim Olhos D' Água -Ribeirão Preto -SP;MONT L06Q02 - Matricula 171 095;4658.25;0;0
27.538.477/0001-81;2025-03-31;1;Estrada Jornalista Rubens Volpe Filho,0 Lote 06 - Quadra 03 Jardim Olhos D' Água -Ribeirão Preto -SP;MONT L06Q03 - Matricula 171 104;29687.75;0;0
27.538.477/0001-81;2025-03-31;1;Alameda Arthur Furquim,570 Lote 07 - Quadra 02 Jardim Olhos D' Água -Ribeirão Preto -SP;MONT L07Q02 - Matricula 171 096;3873.9;0;0
27.538.477/0001-81;2025-03-31;1;Alameda Arthur Furquim,620 Lote 08 - Quadra 02 Jardim Olhos D' Água -Ribeirão Preto -SP;MONT L08Q02 - Matricula 171 097;2589.71;0;0
27.538.477/0001-81;2025-03-31;1;Alameda Arthur Furquim,480 Lote 09 - Quadra 02 Jardim Olhos D' Água -Ribeirão Preto -SP;MONT L09Q02 - Matricula 171 098;301;0;0
27.538.477/0001-81;2025-03-31;1;Rua Pastor Napoleão Pereira Lins,8 S/I Parque das Oliveiras -Ribeirão Preto -SP;PQ OL L08Q04 - Matricula 102 588;382.52;0;0
27.590.950/0001-70;2025-03-31;1;Rua Municipal, 326, bairro Jardim Alvorada, cidade de Jandira, estado de São Paulo/SP;.;8795;0.90227;0.90227
28.152.777/0001-90;2025-03-31;1;Rodovia MT-130/ Primavera do Leste - MT;TER PRIMAVERA 1 - MATRICULA 38310;253046;0.2082;0.0624
28.152.777/0001-90;2025-03-31;1;Rodovia MT-130/ Primavera do Leste - MT;TER PRIMAVERA 2 - MATRICULA 3855;40004;0.0329;0.0099
28.152.777/0001-90;2025-03-31;1;Rodovia BR-163/ Sorriso - MT;Centro de Distribuição (CD);90000;0.7589;0.0508
28.267.530/0001-10;2025-03-31;2;Rua Cel. Mursa, 160  - Brás;.;991.75;1;0
28.548.288/0001-52;2025-03-31;1;Obramax Região Metropolitana do Rio de Janeiro;OBRAMAX_SAOGONÇALO;18657.83;0;0
28.899.178/0001-35;2025-03-31;1;Av. Rebouças, 2.492, 2.516 e 2.538  e Rua taçainha, 61 - Pinheiros São Paulo-SP;Lote 3, 4, 5 e 64;2157;1;0
29.018.899/0001-51;2025-03-31;1;Avenida Paulista, 1267, Sem Complemento, Bela Vista, Sao Paulo/SP, Brasil, 01311-200;Não possuem catacteristicas que destoem dos demais;1126;1;0
29.242.844/0001-20;2025-03-31;1;Km. 114 Rod. Padre Manoel de Nóbrega;terreno em Itanhaem - matrícula 198.983;1047159.29;1;0
29.242.844/0001-20;2025-03-31;1;Km. 114 Rod. Padre Manoel de Nóbrega;terreno em Itanhaem - matrícula 198.982;177924.41;1;0
30.258.790/0001-70;2025-03-31;1;KAISER - TERRENO;Rua dos Operários, s/nº, Centro das Indústrias do Subaé - Feira de Santana/BA;159501.16;1;0
30.492.505/0001-81;2025-03-31;1;Av. Ayrton Senna com Av. Embaixador Abelardo Bueno,  Quadra 4.6, do Pal 40.481, Freguesia de Jacarepaguá - Rio de Janeiro - RJ;Imovel melhor descrito e caracterizado na matricula 159.410 do Registro de Imóveis do 9º Oficio do Rio de Janeiro. FRE n. 245.800. CL 1450.Aquisição por meio da incorporação do  Caixa Fundo de Investimento Imobiliário VLT - Veículo Leve Sobre Trilhos, inscrito no CNPJ sob o nº 15.254.249/0001-09 ("FII VLT").;33901.32;0.854834;0
30.492.505/0001-81;2025-03-31;1;Rua Vitorino Fernandes, s/n - Barra da Tijuca, perfeitamente descrito e caracterizado na matrícula 428076 do 9° Ofício de Registro de Imóveis da Comarca do Rio de Janeiro - RJ;Área situada à Rua Vitorino Fernandes, lado ímpar, na freguesia de Jacarepaguá, esquina com a Av. Alfredo Baltazar da Silveira;1916;0.145166;0
30.578.275/0001-78;2025-03-31;1;Avenida Silvio Bastos Tavares, s/n, Campos dos Goytacazes, CEP 28051-250, Campos dos Goytacazes - RJ;Matrícula nº 4.442.GOYCATAZES;7777.95;1;0
30.629.603/0001-18;2025-03-31;1;Estrada Do Rio Pequeno, S/n, Sem Complemento, Loteamento Fazenda Rio Pequeno, Santo Andre/SP, Brasil, 09161-100;Não possuem caracterísitcas que destoem dos demais.;16150;1;0
31.152.015/0001-07;2025-03-31;1;Rua Monte Caseros, 167 A 189 - Butantã, São Paulo - SP;MONTE CASERO;1443;0;0
31.524.769/0001-32;2025-03-31;1;Rua Conselheiro Dantas n° 350, esquina com Rua Tiers, Bairro Pari - SP;ELEVSHOP KODY - Terreno com edificio comercial que será voltado para um shopping center;8406.23;1;1
31.544.493/0001-54;2025-03-31;1;Rua Francisco Muñoz Madrid, 625, consjunto 100 Bairro Roseira Município São José dos Pinhais, Estado do Paraná;Portal do Porto;89738.66;0.943919;0.988429
31.547.782/0001-07;2025-03-31;1;FAZENDA CACHOEIRA;Parceria agrícola, fazendo parte desta, os equipamentos e benfeitorias fixas existentes nos imóveis. Matriculas: 13553 - 13772 - 17121 - 17315 - 18588 - 13553;17883600;0;0
31.547.782/0001-07;2025-03-31;1;AV ITAOCA 786;Parceria agrícola, fazendo parte desta, os equipamentos e benfeitorias fixas existentes nos imóveis.;0;0;0
31.547.989/0001-81;2025-03-31;1;Rua João Zarpelon nº 800, na Cidade de São José dos Pinhais - PR, matrícula nº 63.392 do Registro de Imóveis 1ª Circunscrição - S. J. dos Pinhais.;A área compreendida do terreno é de 114.286 m2 e com área construída de 45.618,36 m2.;114286;0;0
31.713.934/0001-02;2025-03-31;1;Alameda Oscar Niemeyer, 119 sala 1004, Vila da Serra, CEP:34006-056;LAJES CP - CONCÓRDIA;2520;0.478589;0.91868
31.962.875/0001-06;2025-03-31;1;Av. Guandu, 1000 - Campo Alegre Queimados / RJ - CEP: 26.320-270;PLD Queimados;356338.1;0.252606;0
31.962.875/0001-06;2025-03-31;1;Rodovia Raposo Tavares SP-270, Bairro do Moinho Velho, Cotia/SP;PLD São Paulo 26;800000;0.727026;0
31.962.875/0001-06;2025-03-31;1;Av. Ayrton Senna, Sn, ( Lt 01 do PAL 47.176 da Via 8 da Rua Projetada, PA 9351, 36.034, 9351);RJ UTL 1 - BARRA DA TIJUCA II;194860;0.020369;0
32.000.013/0001-57;2025-03-31;1;Avenida Wilson Tavares Ribeiro, nº 1.651, Contagem - MG;IMÓVEL: MT 136.701;46809.0669;1;0
32.274.197/0001-43;2025-03-31;1;Av. dos Imarés, 182 - Indianópolis, São Paulo - SP, 04085-000;Construção 255 (duzentas e cinquenta e cinco) unidades autônomas residenciais (R) da Torre 2 do Empreendimento, sendo neste caso 24 (vinte e quatro) unidades por andar, as quais corresponderão à totalidade das unidades autônomas residenciais da Torre 2. E área privativa não residencial integrantes da Torre 2.;13639;1;0
32.274.197/0001-43;2025-03-31;1;Rua Pássaros e Flores, 30, São Paulo - SP;469 unidades autônomas residenciais (R) da Torre 3 do Empreendimento ("Unidades Autônomas"), as quais corresponderão à totalidade das unidades autônomas residenciais da Torre 3;17541;1;0
32.275.252/0001-10;2025-03-31;1;Fazenda Santana, BOTUCATU - SP;2º subdistrito de Botucatu;201700;1;0
32.388.168/0001-02;2025-03-31;1;Fazenda Sta Clara A;MAT 11358;48400.09;0.3708;0
32.388.168/0001-02;2025-03-31;1;Fazenda Sta Clara B;MAT 11359;29448.95;0.1199;0
32.388.168/0001-02;2025-03-31;1;Fazenda Sta Clara C;MAT 11360;29448.95;0.1232;0
32.388.168/0001-02;2025-03-31;1;Sitio Santa Clara;MAT 17028;108900;0.3861;0
32.892.018/0001-31;2025-03-31;1;Av. Menino Marcelo, 1.051 - Antares - Maceió - AL;Não há;14064.75;0.00248146711134906;0
32.892.018/0001-31;2025-03-31;1;Av. Apolônio Sales, 665;Não há;312.4;0;0
32.892.018/0001-31;2025-03-31;1;Av. Apolônio Sales, 679;Não há;330;0;0
32.892.018/0001-31;2025-03-31;1;Av. Apolônio Sales, 695;Não há;310.42;0;0
32.892.018/0001-31;2025-03-31;1;Rua Leonor Borges Carvalho, 271;Não há;501.26;0;0
33.842.871/0001-01;2025-03-31;1;Avenida Clériston Andrade, nº 1897 -Parque Novo Horizonte -Barreira/BA;Matricula 25.779 - 1º Ofício do Registro de Imóveis e Hipotecas da Comarca de Barreiras / BA - TEIXEIRA DE FREITAS;18673.48;0;0
33.842.871/0001-01;2025-03-31;1;Rua Silveira Martins, 119/3500 Cabula- Salvador / BA;Matrícula 70.582 e 71.262 - 2º Ofício do Registro de Imóveis - Salvador/BA - CCVP CABULA;39676.14;0;0
33.884.197/0001-28;2025-03-31;1;Al 101 ( Sitio Marceneiro);matricula nº 897 do serviço notarial e registral da comarca de Passo de Camaragibe / AL.;22445;1;0.98761
35.360.651/0001-77;2025-03-31;1;Rua Paul Redfern, 41 - Ipanema - Rio de Janeiro - RJ;Paul Redfern, 41;96;0;0
35.360.651/0001-77;2025-03-31;1;Rua Prudente De Morais, 1356 - Ipanema - Rio de Janeiro - RJ;Prudente De Morais, 1356;823.81;0;0
35.360.651/0001-77;2025-03-31;1;Rua Paul Redfern, 32, 36 e 40 - Ipanema - Rio de Janeiro - RJ;Rua Paul Redfern, 32, 36 e 40;224;0;0
35.360.651/0001-77;2025-03-31;1;Rua Redentor, 14 - Ipanema - Rio de Janeiro;Rua Redentor, 14;168;0;0
35.360.651/0001-77;2025-03-31;1;Rua Barão de Jaguaripe, 404 - Ipanema - Rio de Janeiro;Rua Barão de Jaguaripe, 404;224;0;0
35.360.651/0001-77;2025-03-31;1;Rua Barão de Jaguaripe, 225 - Ipanema - Rio de Janeiro;Rua Barão de Jaguaripe, 225;224;0;0
35.725.659/0001-90;2025-03-31;1;SERVIDAO PMG 903;Matrícula 14.111;2451.35;1;0
36.200.654/0001-06;2025-03-31;1;Estrada Municipal Vargem do João Pinto - Bairro Ponte Nova - MG;Terreno localizado no município de Extrema - MG.;270128.8;0;0
36.258.924/0001-30;2025-03-31;1;Matricula n° 56.262/ DF;IMÓVEL URBANO LBV;0;0.3769;1
36.258.924/0001-30;2025-03-31;1;Matricula nº 72533/DF;IMÓVEL URBANO LBV;0;0.4402;1
36.258.924/0001-30;2025-03-31;1;IMOVEL -TERRENO BELEM;TERRENO BELEM;0;0.1234;1
36.258.924/0001-30;2025-03-31;1;IMOVEL BENFEITORIAS;Benfeitorias - TERRENO;0;0.0595;1
36.312.025/0001-78;2025-03-31;1;Rua Visconde de Pirajá, n.º 616 - Ipanema - Rio de Janeiro - RJ.;=G88VISCONDE DE PIRAJÁ - MAT. 49,995;895.65;0;0
36.312.025/0001-78;2025-03-31;1;Rua Batista de Oliveira esquina com a Rua Sampaio;=G88Matrícula nº 42.746 - Cartório Do 2º Ofício De Registro De Imóveis da Comarca de Juiz de Fora -MG;1082.75;0;0
36.312.025/0001-78;2025-03-31;1;Rua Barão de São João Nepomuceno, nº 232 - Centro - Juiz de Fora MG;LOJA COMERCIAL - SÃO JOÃO;319.3;0;0
36.312.025/0001-78;2025-03-31;1;Loteamento Alphaville 13 - Quadra "Q" - Juiz de Fora - MG;Matrícula nº 64.068 do Cartório do 3º Ofício de Registro de Imóveis de Juiz de Fora/MG;489.48;0;0
36.312.025/0001-78;2025-03-31;1;Loteamento Alphaville 14 - Quadra "Q" - Juiz de Fora - MG;Matrícula nº 64.069 do Cartório do 3º Ofício de Registro de Imóveis de Juiz de Fora/MG;489.91;0;0
36.312.025/0001-78;2025-03-31;1;Loteamento Alphaville 15 - Quadra "Q" - Juiz de Fora - MG;Matrícula nº 64.070 do Cartório do 3º Ofício de Registro de Imóveis de Juiz de Fora/M;489.78;0;0
36.312.025/0001-78;2025-03-31;1;Loteamento Alphaville 16 - Quadra "Q" - Juiz de Fora - MG;Matrícula nº 64.071 do Cartório do 3º Ofício de Registro de Imóveis de Juiz de Fora/M;482.74;0;0
36.885.948/0001-19;2025-03-31;1;Um lote de terras de nº 13, da quadra "B5";Matrícula 50.492;360;0;0
36.885.948/0001-19;2025-03-31;1;Avenida Marginal Leste, Goiânia;Lote de terreno urbano de número 09, da Quadra 04 (ZM-BD);330;0;0
36.885.948/0001-19;2025-03-31;1;Avenida Marginal Leste, Goiânia;Lote de terreno urbano de número 10, da Quadra 04(ZM-BD);347.52;0;0
36.885.948/0001-19;2025-03-31;1;Avenida Marginal Leste, Goiânia;Lote de terreno urbano de número 11, da Quadra 04(ZM-BD);319.57;0;0
36.885.989/0001-05;2025-03-31;1;Avenida Alphaville Flamboyant;fração ideal de 1,9250% do lote de terras de nº 01, da quadra "A4;9876.24;0;0
36.885.989/0001-05;2025-03-31;1;Avenida das Palmeiras, s/n, em Brasília-DF lote 34;matrícula nº 155.412.;720;0;0
36.885.989/0001-05;2025-03-31;1;Avenida das Palmeiras, s/n, em Brasília-DF lote 11;matrícula nº 155.412.;720;0;0
36.885.989/0001-05;2025-03-31;1;Avenida das Palmeiras, s/n, em Brasília-DF lote 33;matrícula nº 155.412.;720;0;0
36.885.989/0001-05;2025-03-31;1;Avenida das Palmeiras, s/n, em Brasília-DF lote 12;matrícula nº 155.412.;720;0;0
36.885.989/0001-05;2025-03-31;1;Rua Ana Jungmann, QD 33, LT 6 - JD França - Goiânia-GO;matricula 56070;0;0;0
36.930.464/0001-44;2025-03-31;1;Avenida Eugênio Coneglian, N.º 3.550, Distrito Industrial, Marília/SP, CEP: 17.521-460;Fração Ideal de 73,3227% do imóvel de matrícula N.º 74.376 do 2º Oficial de Registro de Imóveis da Comarca de Marília, Estado de São Paulo, sendo a FAZENDA MARIALVA DE CIMA - ÁREA DESMEMBRADA 01 - DESDOBRO 2, situada em Marília-SP.;30202;0.246;0
36.930.464/0001-44;2025-03-31;1;Avenida Eugênio Coneglian, N.º 3.550, Distrito Industrial, Marília/SP, CEP: 17.521-460;Fração Ideal de 73,3227% do imóvel de matrícula N.º 38.516 do 2º Oficial de Registro de Imóveis da Comarca de Marília, Estado de São Paulo, sendo a FAZENDA MARIALVA DE CIMA - ÁREA REMANESCENTE "C4", situada em Marília-SP.;106800;0.754;0
36.969.658/0001-53;2025-03-31;1;Macaé, Rio de Janeiro;22918;27891;1;0
36.969.658/0001-53;2025-03-31;1;Macaé, Rio de Janeiro;20735;27889;1;0
37.295.919/0001-60;2025-03-31;1;VITORIA SANT - Rodovia BR-324, 13750;MAT. 21484;35690;1;0
38.456.598/0001-09;2025-03-31;1;Rua Comendador Mampei Funada, 406 - Terras de Imoplan - Presidente Prudente, SP 14305144;PP-TR-IMOPL1;99;1;1
38.456.598/0001-09;2025-03-31;1;Sem Informação;PP-TR-REGIN3;99;1;1
38.456.598/0001-09;2025-03-31;1;Rua Santo Casarotti, 2990 - Lote 16 - Jardim Santa fé - Presidente Prudente, SP 19060360;PP-TR-STAFE2;372.75;1;1
38.456.598/0001-09;2025-03-31;1;Rua Santo Casarotti, 265 - Lote 15 - Jardim Santa fé - Presidente Prudente, SP 19060360;PP-TR-STAFE3;393.75;1;1
38.456.598/0001-09;2025-03-31;1;Rua Santo Casarotti, 277 - Lote 14 - Jardim Santa fé - Presidente Prudente, SP 19060360;PP-TR-STAFE4;252;1;1
38.456.598/0001-09;2025-03-31;1;Rua Alrino Cristino, 428 - Lote A5 - Parque Watal Ishibashi - Presidente Prudente, SP 19023450;PP-TR-WATAL1;130.66;1;1
38.456.598/0001-09;2025-03-31;1;Travessa Atílio Albertini, s/n - Lote B - Distrito Industrial - Regente Feijó, SP 19570000;RF-LT-INDUS1;2400;1;1
39.347.413/0001-82;2025-03-31;1;Rua Denise Alves de Medeiros Campina Grande - Paraíba;Terreno adquirido de acordo com a escritura pública de compra e venda cuja aquisição está averbado junto a matrícula do imóvel.;12000;1;0
39.583.723/0001-04;2025-03-31;1;AV UM, S/N PARQUE INDUSTRIAL, CIDADE DE CONTAGEM - MGGLEBA nª 01;lugar denominado FAZENDA DA TAPERA em Contagem/MG, com área de 52.242,19m², com limites e confrontações de acordo com a matrícula 168.070 do SRI de Contagem/MG;52242.19;1;1
39.591.218/0001-01;2025-03-31;1;Rua Nicolau dos Santos, nº 40, São Paulo-SP;Imóvel registrado sob o nº 34.192 no Cartório de RGI de Imóveis da Capital de SP;883;1;1
39.714.024/0001-48;2025-03-31;1;Rua Camboriú - Joinville/SC;Terreno urbano, objeto da matrícula 49.642, situado na Rua Camboriú, distante 71,71 metros da Rua Desembargador Nelson Nunes Guimarães. Destinado à operação do estacionamento do centro de tratamento de olhos.;3878.9;1;0.015856
40.010.015/0001-55;2025-03-31;1;Rua Olynto Orsini, 48 - Bairro das Indústrias, Belo Horizonte - MG;LOTE 45 - Matrícula 65.608;16108.91;0;0
40.010.015/0001-55;2025-03-31;1;Rua Manoel Alves, Contagem - MG;CONTAGEM - Matrícula 93969;5248.86;0;0
40.010.015/0001-55;2025-03-31;1;Fazenda Santa Maria, S/N, Esmeraldas - MG;FZ ST ISABEL - Matrícula 24830;33807;0;0
40.346.049/0001-15;2025-03-31;1;Terreno em conjunto com o imóvel - Cabreuva - SP, localizado na Rodovia Don Gabriel Paulino Couto, Km 83 - Cidade de Cabreuva/SP;Terreno em conjunto com o imóvel - Cabreuva - SP, localizado na Rodovia Don Gabriel Paulino Couto, Km 83 - Cidade de Cabreuva/SP;64992.82;0.03;0
41.081.336/0001-03;2025-03-31;1;Avenida do Taboão, nº 899, São Bernardo do Campo - SP;FORD;35200;0.861818;0
41.081.336/0001-03;2025-03-31;1;Avenida Guarapiranga, 752 -  Vila Socorro, São Paulo;Shopping Fiesta;10705.53;0.138182;0
41.114.606/0001-35;2025-03-31;1;Avenida Josepha Holanda de Mello, s/n Terreno 06 - Bairro Cruz das Almas;Terreno adquirido conforme escritura pública de compra e venda.;14202.23;1;0
41.219.454/0001-35;2025-03-31;1;Quadra 050 - Lote 06 - Jardim Inápolis - Campo grande MS;Matrícula 1943;0;0;0
41.251.337/0001-59;2025-03-31;1;Av. Francisco Loup,1815 - São Sebastião - SP;Terreno e suas edificações localizado na Avenida Francisco Loup, 1815, Praia de Maresias, São Sebastião/SP, bem como o terreno de marinha, contíguo e alodial ao anterior, totalizando a área de 14.083,00m² e área construída de 1.924,34m², objeto da matrícula nº. 34.459;14083;1;0
41.650.310/0001-39;2025-03-31;1;Avenida Capitão Júlio Bezerra, Lotes 42, Bairro Nossa Senhora Aparecida, Manaus,Amazonas.;Matricula 1025;1160;1;0
41.650.310/0001-39;2025-03-31;1;Rua Amparo do Itororó, bairro Alvorada,Manaus, Amazonas.;Matrícula 12.657;16550.4;1;0
41.650.310/0001-39;2025-03-31;1;Avenida Max Teixeira, Bairro Cidade Nova, Manaus, Amazonas;Matrícula 15240;3000;1;0
41.650.310/0001-39;2025-03-31;1;Avenida Capitão Júlio Bezerra, Lotes 96, Bairro Nossa Senhora Aparecida, Manaus,Amazonas.;Matrícula 16408;984;1;0
41.650.310/0001-39;2025-03-31;1;Ruas Dona Clô e Alvaro Maia, Lote 490,Bairro Nossa Senhora Aparecida,Manaus, Amazonas,;Matrícula 2319;1078;1;0
41.650.310/0001-39;2025-03-31;1;Avenida Capitão Júlio Bezerra, Lotes 62, Bairro Nossa Senhora Aparecida, Manaus,Amazonas.;Matrícula 2396;630;1;0
41.650.310/0001-39;2025-03-31;1;Avenida Desembargador João Machado, Lote 4, Bairro Campos Elíseos,Manaus, Amazonas;Matrícula 3574;1379670;1;0
41.650.310/0001-39;2025-03-31;1;Avenida Capitão Júlio Bezerra, Lotes 83, Bairro Nossa Senhora Aparecida, Manaus,Amazonas.;Matrícula 5384;980;1;0
41.650.310/0001-39;2025-03-31;1;Ruas Dona Clô e Alvaro Maia, Lote 490,Bairro Nossa Senhora Aparecida,Manaus, Amazonas,;Matrícula 52563;969.3;1;0
41.650.310/0001-39;2025-03-31;1;Ruas Dona Clô e Alvaro Maia, Lote 490,Bairro Nossa Senhora Aparecida,Manaus, Amazonas,;Matrícula 6.232;947.75;1;0
41.650.310/0001-39;2025-03-31;1;Rua Moacir Baima, nº 407, Parque 10 de novembro, Manaus, Amazonas.;Matrícula 64.777;1000;1;0
41.833.876/0001-04;2025-03-31;1;Fazenda Uanalua, estrada Trancoso - Arraial D'Ajuda, s/n, Trancoso, Porto Seguro/BA;Direito de propriedade;326698.31;1;1
41.969.537/0001-41;2025-03-31;1;Rua "D", da Quadra 01 do Loteamento denominado Praia da Ribeira;-;1092;0.0197534;0.0196884
41.969.537/0001-41;2025-03-31;1;Loteamento porto Bracuhy, situado na Fazenda Bracuí;-;2561.82;0.0613427;0.061141
41.969.537/0001-41;2025-03-31;1;Fazenda Itapinhoacanga;-;23029.86;0.063281;0.0630729
41.969.537/0001-41;2025-03-31;1;Fazenda Itapinhoacanga;-;5350;0.0176502;0.0175922
41.969.537/0001-41;2025-03-31;1;Fazenda Itapinhoacanga - Condomínio dos Sinos;-;23631.91;0.0647243;0.0645115
41.969.537/0001-41;2025-03-31;1;Ilha da Gipóia;-;1900;0.029795;0.0296971
41.969.537/0001-41;2025-03-31;1;Porto Bracuhy - Fazenda Bracuí;-;2656;0.0542703;0.0540918
41.969.537/0001-41;2025-03-31;1;Porto Bracuhy - Fazenda Bracuí;-;1232.06;0.0370531;0.0369312
41.969.537/0001-41;2025-03-31;1;Porto Bracuhy - Fazenda Bracuí;-;1209.01;0.0363314;0.0362119
41.969.537/0001-41;2025-03-31;1;Lote de Terreno nº 09, da Quadra J, da Gleba A, do Loteamento denominado Frade, situado na Fazenda do Frade;-;1353;0.0167017;0.0166468
41.969.537/0001-41;2025-03-31;1;Lote de Terreno nº 34-A, da Quadra I, da Gleba A, do Loteamento denominado Frade, situado na Fazenda do Frade;-;883;0.0115056;0.0114678
41.969.537/0001-41;2025-03-31;1;Área 08, oriunda do Loteamento denominado Enseada dos Girassóis - Bracuí;-;2644;0.0127098;0.012668
41.969.537/0001-41;2025-03-31;1;Área 12, oriunda do Loteamento denominado Enseada dos Girassóis - Bracuí;-;2644;0.0127098;0.012668
41.969.537/0001-41;2025-03-31;1;Área 16, oriunda do Loteamento denominado Enseada dos Girassóis - Bracuí;-;2644;0.0127098;0.012668
41.969.537/0001-41;2025-03-31;1;Área 20, oriunda do Loteamento denominado Enseada dos Girassóis - Bracuí;-;2644;0.0113407;0.0113034
41.969.537/0001-41;2025-03-31;1;Área 21, oriunda do Loteamento denominado Enseada dos Girassóis - Bracuí;-;2644;0.0113407;0.0113034
41.969.537/0001-41;2025-03-31;1;Área 22, oriunda do Loteamento denominado Enseada dos Girassóis - Bracuí;-;2644;0.0127098;0.012668
41.969.537/0001-41;2025-03-31;1;Área 23, oriunda do Loteamento denominado Enseada dos Girassóis - Bracuí;-;2644;0.0113407;0.0113034
41.969.537/0001-41;2025-03-31;1;Área 24, oriunda do Loteamento denominado Enseada dos Girassóis - Bracuí;-;2644;0.0127098;0.012668
41.969.537/0001-41;2025-03-31;1;Área 25, oriunda do Loteamento denominado Enseada dos Girassóis - Bracuí;-;2644;0.0113407;0.0113034
41.969.537/0001-41;2025-03-31;1;Área 26, oriunda do Loteamento denominado Enseada dos Girassóis - Bracuí;-;5623;0.0268052;0.0267171
41.969.537/0001-41;2025-03-31;1;Área 28, oriunda do Loteamento denominado Enseada dos Girassóis - Bracuí;-;15791.5;0.0659821;0.0657651
41.969.537/0001-41;2025-03-31;1;Área 33, oriunda do Loteamento denominado Enseada dos Girassóis - Bracuí;-;55785.49;0.1990804;0.1984257
41.969.537/0001-41;2025-03-31;1;Loteamento Fazenda Itapinhoacanga;-;79355.08;0.1868118;0.1861975
41.978.140/0001-16;2025-03-31;1;Av. Heraclito Fontoura Sobral Pinto, nº350;Direito de superficie Ribeirão Preto - Mat. 134.893;24717.44;0;0
41.978.140/0001-16;2025-03-31;1;Av. Comendador Agostinho Prada, 3080 - Limeira - São Paulo;Direito de superfície Limeira - Mat. 103.167;6868.18;0;0
41.978.140/0001-16;2025-03-31;1;Av. Portugal, 690 - Centro / Santo André - SP;Direito de superfície Portugal - Mat. 63.015;1000;0;0
41.978.140/0001-16;2025-03-31;1;Rua Bernardino de Campos, nº 1033 - São Paulo / SP;Direito de superfície Roberto Marinho - Mat. 255.776;6117;0;0
41.978.140/0001-16;2025-03-31;1;Rua Paes Leme, nº 215 - São Paulo / SP;Direito de superfície Thera Faria Lima - Mat 143.716;660.53;0;0
42.537.540/0001-59;2025-03-31;1;Avenida Pepe, 1124,  Barra Da Tijuca, Rio De Janeiro/RJ, Brasil, 22620-171;Direito de Propriedade;781;0.737008;1E-06
42.537.540/0001-59;2025-03-31;1;Avenida Dos Bandeirantes, S/n°, Costazul, Rio Das Ostras/RJ, Brasil, 28895-314;Direito de Propriedade;990;0.262992;1E-06
43.565.147/0001-31;2025-03-31;2;Estrada Municipal Arraial D'Ajuda/Trancoso, Km 18, Distrito de Vale Verde;Matrícula nº.22.775 do Oficial de Registro de Imóveis de Porto Seguro-BA;525575.29;0;1
43.671.250/0001-66;2025-03-31;1;Av. Rotary, 710 - S/Nº (Industriais);O terreno está situado na cidade de Guarulhos e é constituído por uma quadra. Matrícula 33.993;3068.05;0.0889;0
43.671.250/0001-66;2025-03-31;1;Rua Eng. C. Oliveita (Lote 2);O terreno está situado na cidade de Guarulhos e é constituído por uma quadra. Matrícula 33.994;1705.25;0.0404;0
43.671.250/0001-66;2025-03-31;1;Rua Eng. C. Oliveita (Lote 3);O terreno está situado na cidade de Guarulhos e é constituído por uma quadra. Matrícula 33.995;1660.25;0.0394;0
43.671.250/0001-66;2025-03-31;1;Rua Eng. C. Oliveita (Lote 4);O terreno está situado na cidade de Guarulhos e é constituído por uma quadra. Matrícula 33.996;1630.5;0.0387;0
43.671.250/0001-66;2025-03-31;1;Rua Eng. C. Oliveita (Lote 5);O terreno está situado na cidade de Guarulhos e é constituído por uma quadra. Matrícula 33.397;1745.75;0.0414;0
43.671.250/0001-66;2025-03-31;1;Rua Eng. C. Oliveita (Lote 6);O terreno está situado na cidade de Guarulhos e é constituído por uma quadra. Matrícula 33.398;2012.25;0.0477;0
43.671.250/0001-66;2025-03-31;1;Rua Eng. C. Oliveita (Lote 7);O terreno está situado na cidade de Guarulhos e é constituído por uma quadra. Matrícula 33.999;2301;0.0546;0
43.671.250/0001-66;2025-03-31;1;Av. C. F. Endres (Lote 8);O terreno está situado na cidade de Guarulhos e é constituído por uma quadra. Matrícula 34.000;1365;0.0324;0
43.671.250/0001-66;2025-03-31;1;Av. C. F. Endres (Lote 9);O terreno está situado na cidade de Guarulhos e é constituído por uma quadra. Matrícula 34.001;1365;0.0324;0
43.671.250/0001-66;2025-03-31;1;Av. C. F. Endres (Lote 10);O terreno está situado na cidade de Guarulhos e é constituído por uma quadra. Matrícula 34.002;1725;0.0409;0
43.671.250/0001-66;2025-03-31;1;Av. C. F. Endres (Lote 11);O terreno está situado na cidade de Guarulhos e é constituído por uma quadra. Matrícula 34.003;1725;0.0409;0
43.671.250/0001-66;2025-03-31;1;Av. C. F. Endres (Lote 12);O terreno está situado na cidade de Guarulhos e é constituído por uma quadra. Matrícula 34.004;2066.25;0.049;0
43.671.250/0001-66;2025-03-31;1;Av. C. F. Endres (Lote 13);O terreno está situado na cidade de Guarulhos e é constituído por uma quadra. Matrícula 34.005;2175;0.0516;0
43.671.250/0001-66;2025-03-31;1;Av. C. F. Endres (Lote 14);O terreno está situado na cidade de Guarulhos e é constituído por uma quadra. Matrícula 34.006;2107.5;0.05;0
43.671.250/0001-66;2025-03-31;1;Av. C. F. Endres (Lote 15);O terreno está situado na cidade de Guarulhos e é constituído por uma quadra. Matrícula 34.007;3028.1;0.0718;0
43.671.250/0001-66;2025-03-31;1;Rua Eng. C. Olivetti (Lote 18);O terreno está situado na cidade de Guarulhos e é constituído por uma quadra. Matrícula 34.010;2407.5;0.0685;0
43.671.250/0001-66;2025-03-31;1;Rua Eng. C. Olivetti (Lote 19);O terreno está situado na cidade de Guarulhos e é constituído por uma quadra. Matrícula 34.011;1851.07;0.0467;0
43.671.250/0001-66;2025-03-31;1;Rua Eng. C. Olivetti (Lote 20);O terreno está situado na cidade de Guarulhos e é constituído por uma quadra. Matrícula 34.012;1945.5;0.0617;0
43.671.250/0001-66;2025-03-31;1;Rua Eng. C. Olivetti (Lote 21);O terreno está situado na cidade de Guarulhos e é constituído por uma quadra. Matrícula 34.013;1502;0.0381;0
43.671.250/0001-66;2025-03-31;1;Rua Eng. C. Olivetti (Lote 22);O terreno está situado na cidade de Guarulhos e é constituído por uma quadra. Matrícula 34.014;1519;0.036;0
43.671.250/0001-66;2025-03-31;1;Rua Eng. C. Olivetti (Lote 23);O terreno está situado na cidade de Guarulhos e é constituído por uma quadra. Matrícula 34.015;1227;0.0291;0
43.740.825/0001-55;2025-03-31;1;CCV JACU PESSEGO;MATRÍCULA 165.029;27043;0;0
44.302.072/0001-69;2025-03-31;1;Rodovia Raposo Tavares, Limeiro, Presidente Prudente, São Paulo - SP.;Matrícula nº 32.558;140930;1;0
44.584.965/0001-44;2025-03-31;1;Cidade Aracília, do Distrito, Município, Comarca e 1ª Circunscrição Imobiliária de Guarulhos, Estado de São Paulo;Aracilia matricula 11.529;0;0.0638072806194535;0
44.584.965/0001-44;2025-03-31;1;Cidade Aracília, do Distrito, Município, Comarca e 1ª Circunscrição Imobiliária de Guarulhos, Estado de São Paulo;Aracília matricula 58.931;0;0.0321032886822588;0
44.584.965/0001-44;2025-03-31;1;Cidade Aracília, do Distrito, Município, Comarca e 1ª Circunscrição Imobiliária de Guarulhos, Estado de São Paulo;Aracília matricula 101.52;0;0.0321032886822588;0
44.585.121/0001-18;2025-03-31;1;Avenida Bento de Abreu, 1.115, Jardim Primavera, Araraquara - SP, CEP 14.802-396;matrícula de n.º 162578 - terreno;1871.58;0.3608;0
44.585.121/0001-18;2025-03-31;1;Avenida Bento de Abreu, 1.115, Jardim Primavera, Araraquara - SP, CEP 14.802-396;matrícula de n.º 162579 - predio;954.07;0.3165;0
44.585.121/0001-18;2025-03-31;1;RUA DOMINGOS ZANIN Nº 0 TAMOIO (JD) ARARAQUARA SP CEP 14800-250;n/a;9259.26;0.3226;0
44.669.674/0001-59;2025-03-31;1;118984_237 - Avenida Henrique Gonçalves Batista, 237 - Jardim Belval;Matrícula: 118.984 . Oficial de Registro de Imóveis de Barueri/SP;2444.75;0.0414904879509462;0
44.669.674/0001-59;2025-03-31;1;CAJAMAR (SP), Rodovia Anhanguera - BR - 050 - Guatorinho - Cajamar-SP - 07750-000;Matrícula 110.584;305132.63;0.373343651189475;0
44.669.674/0001-59;2025-03-31;1;CASTELO_BRAN, Rua do Córrego, S/N - Cururuquara - Santana de Parnaíba-SP - 06524-110;Matrícula 2.058;121000;0.16702215974266;0
44.669.674/0001-59;2025-03-31;1;FAZENDA BARR, Rodovia Fernão Dias, 537 - Distrito Industrial Paulo Camilo - Betim-MG 32684-198;Matrícula 90.559;26034;0.144886811160295;0.11217
44.669.674/0001-59;2025-03-31;1;FAZENDA SUIS, Fazenda Suíssa, S/N - Zona Rural - Jequié-BA;Matrícula 39.111;24992.94;0.00884234963343494;0.021164
44.669.674/0001-59;2025-03-31;1;JOAOFERRE_SP - SITIO MUTINGA, BARUERI/SP.;Matrícula 13.092;4000;0.0416364537252585;0
44.669.674/0001-59;2025-03-31;1;LOTE H-06, Alphaville Dom Pedro Zero - Qd. H, Lt 06 - Alphaville Dom Pedro - Campinas-SP - 13092-599;Matricula 147.130;2838.3;0.0373343651189475;0
44.669.674/0001-59;2025-03-31;1;LOTE H-07, Alphaville Dom Pedro Zero - Qd. H, Lt 07 - Alphaville Dom Pedro - Campinas-SP - 13092-599;Matricula 147.043;621.67;0.0104143229016012;0
44.669.674/0001-59;2025-03-31;1;LOTE H-08, Alphaville Dom Pedro Zero - Qd. H, Lt 08 - Alphaville Dom Pedro - Campinas-SP - 13092-599;Matricula 147.044;564.18;0.00982483292603883;0
44.669.674/0001-59;2025-03-31;1;LOTE H-09, Alphaville Dom Pedro Zero - Qd. H, Lt 09 - Alphaville Dom Pedro - Campinas-SP - 13092-599;Matricula 147.045;567.48;0.00982483292603883;0
44.669.674/0001-59;2025-03-31;1;SITIO PAU D, Rodovia Alexandre Balbo SP 328, S/N - Quadra 29, Lote 166 - Jardim Heitor Rigon - Ribeirão Preto-SP 14062-100;Matrícula 93.075;20000.21;0.105273084802506;0.063493
44.669.674/0001-59;2025-03-31;1;Tatuape 74,  Rua Visconde de Itaboraí, 74, Tatuapé - São Paulo - SP, 3308050;Matrícula 174.045;352.25;0.025053323961399;0.005851
44.669.674/0001-59;2025-03-31;1;Tatuape 78,  Rua Visconde de Itaboraí, 78, Tatuapé - São Paulo - SP, 3308050;Matrícula 88.648;352.87;0.025053323961399;0.005851
44.674.528/0001-11;2025-03-31;1;PARANGABA-Avenida Dr. Silas Munguba,S/N-Fortaleza-CE;matriculas: 32.778   40.594   52.784;22000;0;0
44.705.818/0001-85;2025-03-31;1;Imóvel Barra Funda;Matrícula nº 108.652;270;0;0
44.705.818/0001-85;2025-03-31;1;Imóvel Bom Retiro 2;Matrícula nº 28.933;2578;0;0
45.718.511/0001-81;2025-03-31;1;Filadélfia - TO;Bloco 02 - Bom Jesus;747.53;1;0.0172
45.718.511/0001-81;2025-03-31;1;Palmeirante - TO;Bloco 03 - São Judas Tadeu;1141.73;1;0.01
45.718.511/0001-81;2025-03-31;1;Palmeirante - TO;Bloco 04 - Brejo Verde;565.46;1;-0.0115
45.718.511/0001-81;2025-03-31;1;Nova Olinda - TO;Bloco 05 - Cibrac;1334.89;1;-0.0131
45.718.511/0001-81;2025-03-31;1;Palmeirante - TO;Bloco 06 - Bananal;827.74;1;0.0107
45.718.511/0001-81;2025-03-31;1;Palmeirante - TO;Bloco 07 - Prata;5798.86;1;0.0129
45.718.511/0001-81;2025-03-31;1;Palmeirante - TO;Bloco 08 - Riachinho;233.56;1;0
45.718.511/0001-81;2025-03-31;1;Palmeirante - TO;Bloco 09 - Mangabal;321.16;1;0.0261
45.718.511/0001-81;2025-03-31;1;Palmeirante - TO;Bloco 10 - Taboca;754.85;1;-0.0097
45.718.511/0001-81;2025-03-31;1;Palmeirante - TO;Bloco 11 - São Paulo;2439.3;1;0.0198
45.718.511/0001-81;2025-03-31;1;Barra do Ouro - TO;Bloco 12 - Altamira;2746.49;1;0.0516
45.718.511/0001-81;2025-03-31;1;Goiatins - TO;Bloco 13 - Malhada Alegre;834.26;1;0.0127
45.718.511/0001-81;2025-03-31;1;Goiatins - TO;Bloco 14 - Ilha Porto;3607.39;1;0.0689
45.718.511/0001-81;2025-03-31;1;Goiatins - TO;Bloco 15 - Água Azul;3507.35;1;0.0762
45.718.511/0001-81;2025-03-31;1;Palmeirante - TO;Bloco 16 - Canto da Prata;257.86;1;0.0136
45.718.511/0001-81;2025-03-31;1;Goiatins - TO;Bloco 17 - Quebrada;1279.14;1;-0.0134
45.718.511/0001-81;2025-03-31;1;Goiatins - TO;Bloco 18 - São João;2620.41;1;-0.0004
45.718.511/0001-81;2025-03-31;1;Goiatins - TO;Bloco 19 - Talismã;2705.25;1;-0.012
45.718.511/0001-81;2025-03-31;1;Goiatins - TO;Bloco 20 - Boa Vista;1059.6;1;0.0284
45.718.511/0001-81;2025-03-31;1;Goiatins - TO;Bloco 21 - São José;76.07;1;-0.0119
45.718.511/0001-81;2025-03-31;1;Goiatins - TO;Bloco 22 - Ribeirãozinho;302.37;1;0.0531
45.718.511/0001-81;2025-03-31;1;Goiatins - TO;Bloco 23 - Alô Brasil;556.53;1;-0.012
45.718.511/0001-81;2025-03-31;1;Goiatins - TO;Bloco 24 - São Bento;299.31;1;-0.0111
45.718.511/0001-81;2025-03-31;1;Goiatins - TO;Bloco 25 - Lote 20;734.69;1;-0.0038
45.718.511/0001-81;2025-03-31;1;Goiatins - TO;Bloco 26 - Bacuri;858.87;1;-0.0115
45.718.511/0001-81;2025-03-31;1;Goiatins - TO;Bloco 27 - Mumbuca;411.61;1;-0.0112
45.718.511/0001-81;2025-03-31;1;Goiatins - TO;Bloco 28 - Cocal;82.03;1;-0.0092
45.718.511/0001-81;2025-03-31;1;Goiatins - TO;Bloco 29 - Serrinha;181;1;-0.0115
45.718.511/0001-81;2025-03-31;1;Goiatins - TO;Bloco 30 - Doce;145.81;1;-0.011
45.718.511/0001-81;2025-03-31;1;Goiatins - TO;Bloco 31 - Santo Antônio;307.79;1;-0.0115
45.718.511/0001-81;2025-03-31;1;Palmeirante - TO;Bloco 32 - Carretão I;205.93;1;-0.0124
45.718.511/0001-81;2025-03-31;1;Palmeirante - TO;Bloco 33 - Carretão II;118.86;1;0.026
45.718.511/0001-81;2025-03-31;1;Palmeirante - TO;Bloco 34 - Carretão III;58.73;1;-0.0123
45.718.511/0001-81;2025-03-31;1;Goiatins - TO;Bloco 35 - Tauá;8124.58;1;0.0106
45.718.511/0001-81;2025-03-31;1;Palmeirante - TO;Bloco 36 - Bonanza;1793.04;1;-0.0088
45.718.511/0001-81;2025-03-31;1;Barra do Ouro - TO;Bloco 42 - Lote 33;279.94;1;-0.0109
47.102.860/0001-08;2025-03-31;1;Rodovia Norte Sul, N 243 (Serra - ES);PROJETO HOSPITAL (Matricula 104.848) - Terreno destinado à construção da Unidade Avançada da Serra. Contrato de Construção pela modalidade de Empreitada Global com a Construtora Baggio e Gerenciamento pela PGMAK. Contrato de Built-to-Suit - BTS com prazo de 20 anos, renovável por igual período.;24831;1;0
48.904.259/0001-93;2025-03-31;1;Rua José Sarraceni, 88;O terreno está situado na cidade de Guarulhos e é constituído por uma quadra. Matrícula 70.389;910;0.0726;0
48.904.259/0001-93;2025-03-31;1;Rua José Sarraceni, 46;O terreno está situado na cidade de Guarulhos e é constituído por uma quadra. Matrícula 70.390;1232;0.0983;0
48.904.259/0001-93;2025-03-31;1;Av. C.F. Endres, S/N;O terreno está situado na cidade de Guarulhos e é constituído por uma quadra. Matrícula 70.079;99.06;0.0079;0
48.904.259/0001-93;2025-03-31;1;Av. C.F. Endres, S/N;O terreno está situado na cidade de Guarulhos e é constituído por uma quadra. Matrícula 70.080;641.93;0.0512;0
48.904.259/0001-93;2025-03-31;1;Av. C.F. Endres, 93,95,97;O terreno está situado na cidade de Guarulhos e é constituído por uma quadra. Matrícula 9.459;340.47;0.0272;0
48.904.259/0001-93;2025-03-31;1;Rua José Sarraceni, 162;O terreno está situado na cidade de Guarulhos e é constituído por uma quadra. Matrícula 34.008;5153.05;0.4111;0
48.904.259/0001-93;2025-03-31;1;Rua José Sarraceni, 202,204,228;O terreno está situado na cidade de Guarulhos e é constituído por uma quadra. Matrícula 34.009;4158.36;0.3317;0
48.955.582/0001-96;2025-03-31;1;KM 52 da Rodovia Fernão Dias, Bairro do Portão, Área Urbana 1.;Um terreno situado na área urbuna do município;23252.8;0.04;0
48.955.582/0001-96;2025-03-31;1;Margem direira da Rodovia Cuiabá, Rondonópolis, Cuiabá/MT.;São terrenos dividido em 02 áreas sendo a primeira de 1889,4 metros quadrados e a segunda 6750,60 metros quadrados;8640;0.16;0
48.955.582/0001-96;2025-03-31;1;Estrada Martin Felix Berta, Porto Alegre - RS;É terreno de forma irregular situado na Estrada Martin Felix Berta;209286.4908;0.63;0
48.955.582/0001-96;2025-03-31;1;Distrito Industrial e Comercial, Cuiabá/ MT.;É uma area de terras de 25.200,00 metros quadrados no Distritro industrial e comercial.;25200;0.17;0
48.984.698/0001-53;2025-03-31;1;Rodovia Tancredo de Almeida Neves, Km 53.5, Jardim Santa Gertrudes, Município de Jundiaí, Estado de São Paulo.;Matrícula nº 75.634;32612.08;0.96471;1
49.893.516/0001-00;2025-03-31;1;Área 07 - Campina, Bairro de São Miguel - Guarulhos, São Paulo;Matrícula 146.645 - Ativo adquirido via Escritura de Permuta - O Fundo assinou a Escritura de Permuta no dia 05 de fevereiro de 2024, sendo a Bekaa a proprietária do terreno situado em Guarulhos, Estado de São Paulo, devidamente identificado na matrícula nº 146.645, no qual o Fundo adquiriu, a título de permuta, a parte ideal de 64,2857%, em troca das construções, benfeitorias e acessões, que correspondem a 35,7143% da área total do Empreendimento.;63806.64296;0.642857;0
50.041.467/0001-58;2025-03-31;1;Fernão Dias, km 37,5 - Atibaia, SP;Matricula número 90.850;264787;1;1
50.255.690/0001-06;2025-03-31;1;ROD GO 174 KM 35 A DIREITA;Matrícula 94364 - ATIVO VENDIDO, SERÁ BAIXADO QUANDO DO RECEBIMENTO TOTAL DA VENDA;81.6809;0.2;0
50.255.690/0001-06;2025-03-31;1;ROD GO 174 KM 36 A DIREITA;Matrícula 49116 - ATIVO VENDIDO, SERÁ BAIXADO QUANDO DO RECEBIMENTO TOTAL DA VENDA;289.5923;0.2;0
50.255.690/0001-06;2025-03-31;1;ROD GO 174 KM 35 A DIREITA;Matrícula 68188 - ATIVO VENDIDO, SERÁ BAIXADO QUANDO DO RECEBIMENTO TOTAL DA VENDA;250.1115;0.2;0
50.255.690/0001-06;2025-03-31;1;MAT16410;Matrícula 16.410 - POSSUI RECONHECIMENTO DE DIREITO DE COMPRA;1196.98;0.2;0
50.255.690/0001-06;2025-03-31;1;MAT18069;Matrícula 18.069  - POSSUI RECONHECIMENTO DE DIREITO DE COMPRA;1171.07;0.2;0
50.957.247/0001-79;2025-03-31;1;RUA BARBOSA;MATRICULA 26865;26865;0;0
51.295.092/0001-15;2025-03-31;1;TERRENO LADO IMPAR -  Ribeirão Preto/SP 12.437;matricula 123.024 -;1250;0.0686487852352673;0
51.295.092/0001-15;2025-03-31;1;Lote de Terreno -  Rua Borborema Jaguaribe, Campos do Jordão/SP;matrícula nº 12.665;2717;0.259792303668059;0
51.295.092/0001-15;2025-03-31;1;Terreno - Fazenda Sao Pedro - Vitória da Conquista;matrícula nº 37.899;12387.47;0.0956837027321212;0
51.295.092/0001-15;2025-03-31;1;Terreno - Dr. Joao Batista de Souza Soares - Avenida Dr. João Batista de Souza Soares;matrícula nº 94.206;9897.12;0.284298623340664;0
51.295.092/0001-15;2025-03-31;1;Terreno - Águia de Haia  - venida Águia de Haia;matrícula nº 55.327;5880;0.0953753101264992;0
51.295.092/0001-15;2025-03-31;1;Terreno - Sítio Marília - Estrada de Ipitanga, no Município de Lauro de Freitas - BA;matrícula nº 6.530;4781;0.0774567144968005;0
51.295.092/0001-15;2025-03-31;1;Terreno - Avenida Fortaleza - Lauro de Freitas/BA;matrícula nº 11.374;5573.03;0.0774567144968005;0
51.295.092/0001-15;2025-03-31;1;Terreno - Rua Joao Penteado - Ribeirão Preto - SP;matrícula nº 90274;2375;0.0412878459037887;0
51.303.221/0001-70;2025-03-31;1;Rodovia Estadual MT-240, Zona Rural, Água Boa/MT, CEP: 78635-000;matrícula do RGI 7.060 do Ofício de Água Boa MT  - AGUA BOA;1120.4;0.5379;0
51.303.221/0001-70;2025-03-31;1;Av. Gisele, s/n, Lote 52 - Aleixo, Distrito II, Manaus/AM, CEP: 69075-793;matrícula do RGI 47.322 do 4º Ofício de Manaus/AM - MANAUS;5850;0.2512;0
51.303.221/0001-70;2025-03-31;1;R. Green 05, S/N Lote 08, Quadra 06  - Green Park Condomínio Residencial, Rio Verde/GO, CEP: 75909-620;matrícula do RGI 80.249 do Ofício de Rio Verde/GO - RIO VERDE;482.7;0.2109;0
51.407.683/0001-37;2025-03-31;1;Area de terras situada em Ribeirão Preto, denominada (Área de Preservação Permanente APP -6);.;0;0.0644;0.064117
51.407.683/0001-37;2025-03-31;1;Area de terras situada em Ribeirão Preto, com frente para Via José Luiz Galvão, lado par, distante 879,22 metros da cerca da Rodovia Alexandre Balbo no trevo do Km 329;.;0;0.90431;0.90111
51.472.985/0001-99;2025-03-31;1;R. Sete de Setembro, n° 1213 , Centro - 89010-911, Blumenau - SC,;Neumarkt Shopping;30436.24;0.062;0.130326
51.472.985/0001-99;2025-03-31;1;Av. Rolf Wiest, n° 333 , Bom Retiro - 89223-005, Joinville - SC,;Garten Shopping;41969.33;0.0335;0.071406
51.472.985/0001-99;2025-03-31;1;Rodovia BR-470, nº  3000, Salto Norte - 89065-800, Blumenau - SC;Norte Shopping;35324.5;0.1402;0.166337
51.472.985/0001-99;2025-03-31;1;Esquina Rod. SC 281, Distrito Industrial - 88104-801, Grande Florianópolis - SC;Continente Shopping;36032.7;0.1785;0.408432
51.472.985/0001-99;2025-03-31;1;Av. Jorge Elias de Lucca, nº 765, Nossa Senhora da Salete - 88813-901, Criciúma - SC;Nações Shopping;44575;0.1775;0.179641
51.472.985/0001-99;2025-03-31;1;Av. Santa Catarina, nº 1, Estados - 88339-005, Balneário Camboriú - SC;Balneário Shopping;35901.91;0.01;0.043858
51.710.043/0001-00;2025-03-31;1;Fazenda Lambari - Município de Sertaneja/PR;Imóvel Rural denominado Fazenda Lambari, localizado no Município de Sertaneja /PR, descrito e caracterizado nas matrículas 22.219, 22.220 e 22.221 do 2º Registro de Imóveis da Comarca de Cornélio Procópio - PR. Áreas: Matrícula 22.219 = 306,8729 hectares Matrícula 22.220 = 358,9827 hectares Matrícula 22.221 = 26,3866 hectares;6922422;0.810608;0
51.710.043/0001-00;2025-03-31;1;Fazenda Santa Fé - Município de Pirangi/SP;Gleba A, contendo 5 casas cobertas, sendo 1 sede, 1 terreiro ladrilhado, uma tulha com 2 divisões, barracão coberto de telhas, 1 curral com 2 divisões, 1 gararem, 1 paiol, composta por 92,3486 hectares. Imóvel objeto da matrícula 41.899 do Registro de Imóveis da Comarca de Monte Alto/SP EGleba B composta por 32,1816 hectares, objeto da matrícula 41.900 do Registro de Imóveis da Comarca de Monte Alto/SP;1245302;0.189392;0
51.889.479/0001-08;2025-03-31;1;CANOAS Bittencourt - mat. 90.923;Rua Roberto Francisco Behrens;4632.113;0.0198;0.02
51.889.479/0001-08;2025-03-31;1;SÃO BORJA- mat. 30.094;Avenida Presidente Goulart;30000;0.0382;0.0385
51.889.479/0001-08;2025-03-31;1;VIAMÃO mat. 40.176;Km 19, Estrada de Rodagem Porto Alegre - Viamão;13788.6;0.1399;0.14
51.889.479/0001-08;2025-03-31;1;VIAMÃO mat. 81.006;Km 19, Estrada de Rodagem Porto Alegre - Viamão;6740.13;0.0562;0.0567
51.889.479/0001-08;2025-03-31;1;CRUZ ALTA - mat. 51.078;Av. Saturnino de Brito, 601 - São Francisco - Cruz Alta/RS;7008.48;0.1856;0.1871
51.889.479/0001-08;2025-03-31;1;LAGES - mat. 36.632;Rua Hirto Luiz Melegari, 465 - Sagrado Coração de Jesus, Lages/SC;9310.7;0.1911;0.1926
51.889.479/0001-08;2025-03-31;1;SANTA MARIA - mat.107.647;Avenida Maestro Roberto Barbosa Ribas, Bairro Juscelino Kubitschek - Santa Maria;29713.42;0.0753;0.0759
51.889.479/0001-08;2025-03-31;1;SÃO GABRIEL - Mat.4.42;Av. Francisco Chagas, 1540 - São Gabriel - RS;16348;0.0273;0.0275
51.889.479/0001-08;2025-03-31;1;IMOVEL -PELOTAS;terreno Pelotas - MAT 73.756;17500;0.1546;0.1546
51.889.479/0001-08;2025-03-31;1;Terreno São Borges;Terreno São Borges;3000;0.0265;0.0265
51.889.479/0001-08;2025-03-31;1;Terreno Bunge;Terreno Bunge;2500;0.0221;0.0221
51.889.479/0001-08;2025-03-31;1;Terreno TRAMANDAI;Terreno TRAMANDAI;6100;0.0539;0.0539
52.371.756/0001-40;2025-03-31;1;ARAUCÁRIA - Rodovia PR-423, 3301, Bairro Boqueirão;Matrícula 63.339;358507.08;1;0
52.551.605/0001-74;2025-03-31;1;EDIF.A MESSI-Avenida Tégula, 888, Ponte Alta. Atibaia - SP. Edif. A - Messier Unid. 01 a 04;Matrícula 133478;28703.84;0.31456884945802;0
52.551.605/0001-74;2025-03-31;1;EDIF.A RUBI-Avenida Tégula, 888, Ponte Alta. Atibaia - SP. Edif. A - Rubi Déa Unid. 01 a 06;Matrícula 110128;16780.7;0.0534163756072948;0
52.551.605/0001-74;2025-03-31;1;EDIF.B ESTRE-Avenida Tégula, 888, Ponte Alta. Atibaia - SP. Edif. B - Estrela de Magalhães Unid. 07 e 08;Matrícula 110128;47633.1;0.151625832474274;0
52.551.605/0001-74;2025-03-31;1;EDIF.B POLUX-Avenida Tégula, 888, Ponte Alta. Atibaia - SP. Edif. B - Pólux Unid. 05 e 06;Matrícula 133478;11541.18;0.0367144262717652;0
52.551.605/0001-74;2025-03-31;1;EDIF.C ANTAR-Avenida Tégula, 888, Ponte Alta. Atibaia - SP. Edif. C - Antares Unid. 11 e 12;Matrícula 114807;24463.1;0.229361421199135;0
52.551.605/0001-74;2025-03-31;1;EDIF.C FALCA-Avenida Tégula, 888, Ponte Alta. Atibaia - SP. Edif. C - Falcão Unid. 10 a 15;Matrícula 101105;17253.8;0.069075099932567;0
52.551.605/0001-74;2025-03-31;1;EDIF.C GEM 8-Avenida Tégula, 888, Ponte Alta. Atibaia - SP. Edif. C - Geminni Unid. 08 a 10;Matrícula 133478;34968.66;0.0624981946168013;0
52.551.605/0001-74;2025-03-31;1;EDIF.F JACAR-Avenida Tégula, 888, Ponte Alta. Atibaia - SP. Edif. F - Jacarandá Unid. 39 a 41;Matrícula 101100;4953.25;0.0211533682539073;0
52.551.605/0001-74;2025-03-31;1;EDIF.G JEQUI-Avenida Tégula, 888, Ponte Alta. Atibaia - SP. Edif. G - Jequitibá Unid. 42 a 44;Matrícula 101100;8656.07;0.0369023223074755;0
52.551.605/0001-74;2025-03-31;1;EDIF.H MOGNO-Avenida Tégula, 888, Ponte Alta. Atibaia - SP. Edif. H - Mogno Unid. 45 e 46;Matrícula 101100;5790.16;0.0246841098787605;0
52.635.194/0001-03;2025-03-31;1;Rua José Maria Lisboa, 42;Projeto JML;137;0.076274;0
52.635.194/0001-03;2025-03-31;1;Rua José Maria Lisboa, 46;Projeto JML;143;0.079531;0
52.635.194/0001-03;2025-03-31;1;Rua José Maria Lisboa, 54;Projeto JML;108;0.080283;0
52.635.194/0001-03;2025-03-31;1;Rua José Maria Lisboa, 56;Projeto JML;115;0.061085;0
52.635.194/0001-03;2025-03-31;1;Rua Saint Hilaire, 51;Projeto JML;171;0.108354;0
53.087.126/0001-01;2025-03-31;1;Estr. de Acesso Ao Cetur - Tarumã, Manaus - AM, 69022-155;Há o contrato de compra e venda do loteamento com a cessão de direitos ao fundo.;6112;0.355323;0
53.087.126/0001-01;2025-03-31;1;Estr. Palmeira - Três Barras, Garuva - SC, 89248-000;Há o contrato de compra e venda do loteamento com a transferência da escritura para o fundo;17705.46;0.644677;0
53.127.942/0001-00;2025-03-31;1;Rua Alameda Gabriel Monteiro,1193;Um prédio que recebeu o nº 1193, na rua Alameda Gabriel Monteiro da Silva e seu respectivo terreno, no 20º Subdistrito, Jardim América, no 13º Oficial Registro de Imóveis Comarca e Circunscrição Imobiliária da Cidade de São Paulo, Capital, com a área de terreno de 1.032,00m², perfeitamente descrito e caraterizado na matrícula nº 90.334, do 13º Oficial Registro de Imóveis da Comarca de São Paulo/SP.;1032;0.955368;0
53.313.475/0001-02;2025-03-31;1;FAZENDA RIO BONITO1;MATRICULA 14830;354.0515;0.4428;0.5
53.313.475/0001-02;2025-03-31;1;FAZENDA COLISEU;MATRICULA 14831;445.9622;0.5572;0.5
54.064.962/0001-33;2025-03-31;1;MAT 08-SÍTIO, CANITAR-SP;MATRÍCULA 08;774400;0.43036;0.16019
54.064.962/0001-33;2025-03-31;1;MAT 09-PROP AGRIC, CANITAR-SP;MATRÍCULA 09;786500;0.43036;0.16019
54.064.962/0001-33;2025-03-31;1;MAT 12-IMOVEL RURAL, CANITAR-SP;MATRÍCULA 12;807796;0.43036;0.16019
54.064.962/0001-33;2025-03-31;1;MAT 1941-GLEBA-B, CANITAR-SP;MATRÍCULA 1941;683451.3937;0.70415;0.26212
54.064.962/0001-33;2025-03-31;1;MAT 2856-GLEBA-A, CANITAR-SP;MATRÍCULA 2856;490764.7691;0.50562;0.18821
54.064.962/0001-33;2025-03-31;1;MAT 2858-GLEBA-C, CANITAR-SP;MATRÍCULA 2858;118047.2311;0.12169;0.0453
54.089.614/0001-10;2025-03-31;1;Jandira, SP;PARK JANDIRA;18047.51;1;1
54.275.309/0001-13;2025-03-31;1;Terreno composto dos lotes nº 01,02,03 e 04, da quadra nº 08, no loteamento Jardim Conceiçãozinha, situado no distrito de Vicente de Carvalho, município e comarca de Guarujá-SP;MATRÍCULA 71.186;1131;0.3243;0.32419
54.275.309/0001-13;2025-03-31;1;PARTE A, do Lote 2 da Quadra A, situado no Parque Industrial-Catanduva;MATRÍCULA 26.103;1999.2;0.15269;0.15264
54.417.489/0001-20;2025-03-31;1;FAZENDA NOSSA SENHORA APARECIDA;Matrícula nº 16.434;510578;1;0
54.417.489/0001-20;2025-03-31;1;FAZENDA ISABELA;Matrícula n. 16.191;429462;1;0
54.417.489/0001-20;2025-03-31;1;FAZENDA BONANZA;Matrícula n. 7.381;484000;1;0
54.417.489/0001-20;2025-03-31;1;FAZENDA SERVPLAN;Matrícula nº n°20.495;9962.64;1;0
54.675.539/0001-70;2025-03-31;1;Bairro Chave do Barão, Município e Comarca do Rio das Pedras, 2ª Circunscrição Imobiliária de Piracicaba/SP;Gleba de Terras, que faz  parte da Fazenda Estrela;79892.56;0;0
55.034.258/0001-09;2025-03-31;1;MARCHIONI - Avenida São Gabriel, 201 - Cj 101;Ed. Garden T B Center - Cadastro do Imóvel 016.092.0527-8;1609;0.300083;1
55.089.373/0001-72;2025-03-31;1;Rua 1128, 827, - Itajuba. CEP: 88390000. Barra Velha - Santa Cat;Registro de Imóveis da Comarca de Barra Velha - SC - Matricula 40446;12829.51;1;0
57.077.139/0001-50;2025-03-31;1;Rua Alameda Gabriel Monteiro, 1193;Um prédio que recebeu o n° 1193, na Rua Alameda Gabriel Monteiro da Silva e seu respectivo terreno,  no 20° Subdistrito, Jardim América, no 13º Oficial Registro de Imóveis Comarca e Circunscrição Imobiliária da cidade de São Paulo, Capital, com a área de terreno de 1.032,00m², perfeitamente descrito e caracterizado na matrícula nº 90.334, do 13º Oficial Registro de Imóveis da Comarca de São Paulo/SP.;1032;0.955368;0
57.961.321/0001-70;2025-03-31;1;AVENIDA DOUTOR MARTIN LUTHER KING, S/N - LOTE 2 QD 1 - Umuarama - Osasco - SP;Loteamento Jardim Santo Antoninho;5288.62;0.25;0
57.961.321/0001-70;2025-03-31;1;AVENIDA DOUTOR MARTIN LUTHER KING, S/N - LOTE 3 QD 1 - Umuarama - Osasco - SP;Loteamento Jardim Santo Antoninho;5767.73;0.27;0
57.961.321/0001-70;2025-03-31;1;ALAMEDA PAINEIRA VERMELHA, 168 - LOTE 4 QD 11 - Adalgisa - Osasco - SP;Loteamento Jardim Lorian;4902.69;0.23;0
57.961.321/0001-70;2025-03-31;1;AVENIDA MANOEL DE NÓBREGA - RADIALISTA, S/N - L 11 Q H - Adalgisa - Osasco - SP;Loteamento Jardim Adalgiza II;435;0.02;0
57.961.321/0001-70;2025-03-31;1;ALAMEDA PAINEIRA VERMELHA, 146 - LOTE 3 QD 11 - Adalgisa - Osasco - SP;Loteamento Jardim Lorian;5004.19;0.23;0
57.965.466/0001-49;2025-03-31;1;Av. Jandira, 374 - São Paulo, SP 04080-002;N/A;186;0.013624;0
57.965.466/0001-49;2025-03-31;1;Al. dos Maracatins, 887 - São Paulo, SP 04089-012;N/A;340;0.052525;0
57.965.466/0001-49;2025-03-31;1;Al. dos Maracatins, 857 - São Paulo, SP 04089-012;N/A;1665;0.760593;0
57.965.466/0001-49;2025-03-31;1;Al. dos Maracatins, 847 - São Paulo, SP 04089-012;N/A;300;0.173258;0
58.019.792/0001-26;2025-03-31;1;Av. José Pereira Liberato -;Av. José Pereira Liberato - MATRÍCULA 31.579;0;0;0
59.890.241/0001-04;2025-03-31;1;Estrada Municipal Arraial D'Ajuda/Trancoso, Km 18, Distrito de Vale Verde;Matrícula nº.22.775 do Oficial de Registro de Imóveis de Porto Seguro-BA;525575.29;0;1
59.891.323/0001-65;2025-03-31;1;Estrada Municipal Arraial D'Ajuda/Trancoso, Km 18, Distrito de Vale Verde;Matrícula nº.22.775 do Oficial de Registro de Imóveis de Porto Seguro-BA;525575.29;0;1
59.891.409/0001-98;2025-03-31;1;Estrada Municipal Arraial D'Ajuda/Trancoso, Km 18, Distrito de Vale Verde;Matrícula nº.22.775 do Oficial de Registro de Imóveis de Porto Seguro-BA;525575.29;0;1
