CNPJ_Fundo_Classe,Data_Referencia,Versao,Nome_Ativo,Percentual_Garantido_Relativo,Garantidor,Principais_Caracteristicas_Garantia,CNPJ_Fundo
03.683.056/0001-86,2021-03-31,1,Idea Empreendimentos SPE 11 Ltda,0.044143,Vendedor,18 meses de duração,
03.683.056/0001-86,2021-12-31,1,JK FINANCIAL CENTER,0.01896,Vendedor,18 meses de duração,
08.924.783/0001-01,2021-03-31,1,Morumbi Diamond Tower,0.004731,Multiplan Greenfield IV Empreendimento Imobiliário LTDA,Aquisição de imóveis,
08.924.783/0001-01,2021-03-31,1,Sucupira,0.00396,REC Sucupira PDC Empreendimento,Aquisição de imóveis,
08.924.783/0001-01,2021-06-30,1,Morumbi Diamond Tower,0.006778,Multiplan Greenfield IV Empreendimento Imobiliário LTDA,Aquisição de Imóveis,
08.924.783/0001-01,2021-06-30,1,Sucupira,0.006841,REC Sucupira PDC Empreendimento,Aquisição de Imóveis,
08.924.783/0001-01,2021-09-30,1,Morumbi Diamond Tower,0.002428,Multipan Greenfield IV Empreendimento Imobiliário LTDA,Aquisição de Imóveis,
08.924.783/0001-01,2021-09-30,1,Sucupira,0.005171,REC Sucupira PDC Empreendimento,Aquisição de Imóveis,
08.924.783/0001-01,2021-12-31,1,Sucupira,0.006792,REC Sucupira PDC Empreendimento,Aquisição de Imóveis,
12.005.956/0001-65,2021-06-30,1,Edifício Rochaverá - Torres Ebony e Marble,0.0725,Mirae Asset Maps Asia Pacific Real Estate,"7,25% aa sobre o valor investido por 10 anos, limitado a R$ 20.000.000",
13.371.132/0001-71,2021-03-31,1,Torre Ebony e Marble,0.0725,,"Retorno de 7,25% sobre o valor investido por 10 anos limitado a 40 milhões de reais.",
13.371.132/0001-71,2021-06-30,1,Torre Ebony e Marble,0.0725,,"Retorno de 7,25% sobre o valor investido por 10 anos limitado a 40 milhões de reais.",
13.371.132/0001-71,2021-09-30,1,Torre Ebony e Marble,0.0725,,"Retorno de 7,25% sobre o valor investido por 10 anos limitado a 40 milhões de reais.",
13.371.132/0001-71,2021-12-31,2,Torre Ebony e Marble,0.0725,,"Retorno de 7,25% sobre o valor investido por 10 anos limitado a 40 milhões de reais.",
16.915.868/0001-51,2021-03-31,1,SPE HOLDING FAZENDA BOA VISTA LTDA.,0.01,JHSF PARTICIPAÇÕES S.A.,"A rentabilidade mínima mensal a ser garantida pelas Sociedades e pela JHSF ao Veículo de Investimento, nos termos das SCP, para que permita a este distribuir ao Fundo, após deduzidas todas as despesas aplicáveis, recursos suficientes para a distribuição de rendimentos aos Cotistas no montante correspondente à variação acumulada do IPCA/IBGE, acrescido de 1 % (um por cento) ao ano, calculada desde a última distribuição mensal de rendimentos até a efetiva data de distribuição de rendimentos do mês emquestão sobre o valor do Capital Investido.  Nos termos das SCP, estas deverão realizar pagamentos mensais ao Veículo de Investimento e/ou diretamente ao Fundo, em valor suficiente para que este último distribua aos seus Cotistas a Rentabilidade Mínima, sendo tal obrigação garantida pela fiança a ser prestada pelo Empreendedor no âmbito do Acordo de Investimento.",
16.915.868/0001-51,2021-06-30,1,SPE HOLDING FAZENDA BOA VISTA LTDA.,0.01,JHSF PARTICIPAÇÕES S.A.,"A rentabilidade mínima mensal a ser garantida pelas Sociedades e pela JHSF ao Veículo de Investimento, nos termos das SCP, para que permita a este distribuir ao Fundo, após deduzidas todas as despesas aplicáveis, recursos suficientes para a distribuição de rendimentos aos Cotistas no montante correspondente à variação acumulada do IPCA/IBGE, acrescido de 1 % (um por cento) ao ano, calculada desde a última distribuição mensal de rendimentos até a efetiva data de distribuição de rendimentos do mês emquestão sobre o valor do Capital Investido.  Nos termos das SCP, estas deverão realizar pagamentos mensais ao Veículo de Investimento e/ou diretamente ao Fundo, em valor suficiente para que este último distribua aos seus Cotistas a Rentabilidade Mínima, sendo tal obrigação garantida pela fiança a ser prestada pelo Empreendedor no âmbito do Acordo de Investimento.",
18.312.285/0001-61,2021-03-31,1,Edifício EZ Towers - Torre B,0.008974,BR7 FIM CP,Aquisição de imóveis,
18.312.285/0001-61,2021-06-30,1,Edifício EZ Towers - Torre B,0.009235,BR7 FIM CP,Aquisição de Imóveis,
18.312.285/0001-61,2021-09-30,1,Edíficio EZ Towers - Torre B,0.005136,BR7 FIM CP,Aquisição de Imóveis,
18.312.285/0001-61,2021-12-31,1,Edifício EZ Towers - TORRE B,0.004702,BR7 FIM CP,Aquisição de Imóveis,
21.408.063/0001-51,2021-03-31,1,Edíficio River One,,,Retorno de 7% a.a. sobre o valor desembolsado durante 15 meses após assinatura da escritura,
21.408.063/0001-51,2021-06-30,1,Edíficio River One,,,Retorno de 7% a.a. sobre o valor desembolsado durante 15 meses após assinatura da escritura,
27.538.422/0001-71,2021-03-31,1,Não há informação apresentada.,,,,
27.538.422/0001-71,2021-06-30,1,Não há informação apresentada.,,,,
27.538.422/0001-71,2021-09-30,1,Não há informação apresentada.,,,,
27.538.422/0001-71,2021-12-31,1,Não há informação apresentada.,,,,
31.894.369/0001-19,2021-03-31,1,Ed. Morumbi,0.388,Vendedores do imóvel,"Complemento de renda durante os primeiros 24 meses a contar da aquisição do imóvel, com objetivo de garantir a receita mensal de R$ 726.380,56.",
31.894.369/0001-19,2021-06-30,1,Ed. Birmann 20,0.388,Vendedores do imóvel,"Complemento de renda durante os primeiros 18 meses a contar da aquisição do imóvel, com objetivo de garantir a receita mensal de R$ 937.500,00.",
31.894.369/0001-19,2021-06-30,1,Ed. Morumbi,0.388,Vendedores do imóvel,"Complemento de renda durante os primeiros 24 meses a contar da aquisição do imóvel, com objetivo de garantir a receita mensal de R$ 726.380,56.",
34.847.042/0001-84,2021-09-30,1,TORRE V - ED. ARAUCARIA,0.966138,vendedor (TS-2 ALPHA DESENVOLVIMENTO IMOBILIÁRIO LTDA),"O aluguel mensal corporativo foi garantido durante o período de carência do contrato Built-to-suit, entre os meses de maio de 2022 e setembro de 2021, no valor de R$ 1.468.807,20.Em adição, o fundo também recebeu aluguel garantido no valor de R$ 35.425,00 referentes ao aluguel da loja vaga no térreo. O prazo do aluguel garantido da loja é março de 2022.",
34.847.042/0001-84,2021-12-31,2,TORRE V - ED. ARAUCARIA,0.966138,vendedor (TS-2 ALPHA DESENVOLVIMENTO IMOBILIÁRIO LTDA),"O aluguel mensal corporativo foi garantido durante o período de carência do contrato Built-to-suit, entre os meses de maio de 2022 e setembro de 2021, no valor de R$ 1.468.807,20.Em adição, o fundo também recebeu aluguel garantido no valor de R$ 35.425,00 referentes ao aluguel da loja vaga no térreo. O prazo do aluguel garantido da loja é março de 2022.",
35.652.102/0001-76,2021-09-30,2,Union Faria Lima,1.0,Dublin Empreendimento Imobiliário SPE S/A,Imóvel ainda em construção com 100% de renda garantida pelo vendedor proporcional à participação de 50% do VBI Prime FII na posse do imóvel.,
35.652.102/0001-76,2021-09-30,2,Complexo JK - Torre B,1.0,BR Properties,Imóvel pronto com 100% de renda garantida pelo vendedor proporcional à participação de 20% do VBI Prime FII na posse do imóvel.,
35.652.102/0001-76,2021-12-31,2,Union Faria Lima,1.0,Dublin Empreendimento Imobiliário SPE S/A,Imóvel ainda em construção com 100% de renda garantida pelo vendedor proporcional à participação de 50% do VBI Prime FII na posse do imóvel.,
35.652.102/0001-76,2021-12-31,2,Complexo JK - Torre B,1.0,BR Properties,Imóvel pronto com 100% de renda garantida pelo vendedor proporcional à participação de 20% do VBI Prime FII na posse do imóvel.,
35.754.164/0001-99,2021-06-30,1,Ribeirão das Neves,0.17,Vendedor do imóvel,Pelo prazo de 18 meses a partir de agosto de 2020.,
35.754.164/0001-99,2021-09-30,1,Ribeirão das Neves,0.153,Vendedor do imóvel,Pelo prazo de 18 meses a partir de agosto de 2020.,
35.754.164/0001-99,2021-12-31,1,Ribeirão das Neves,0.17,Vendedor do imóvel,Pelo prazo de 18 meses a partir de agosto de 2020.,
36.200.677/0001-10,2021-12-31,1,DCB - Distribution Center Barueri,0.281481,DISTRIBUTION CENTER BARUERI EMPREENDIMENTOS IMOBILIARIOS S.A,"Receita de locação, condomínio e IPTU (e Foro, quando aplicável) de áreas vagas na data da aquisição. Por até 24 meses e após aquisição para determinados eventos. % garantido relativo = receita garantida / receita total",
36.200.677/0001-10,2021-12-31,1,DCC - Distribution Center Cajamar,0.427064,BREF IIII FIP MULTIESTRATÉGIA,"Receita de locação, condomínio e IPTU (e Foro, quando aplicável) de áreas vagas na data da aquisição. Por até 24 meses e após aquisição para determinados eventos. % garantido relativo = receita garantida / receita total",
36.200.677/0001-10,2021-12-31,1,DCR - Distribution Center Rodoanel,0.238867,SANCA GTIS EMBU II EMPREENDIMENTOS LTDA.,"Receita de locação, condomínio e IPTU (e Foro, quando aplicável) de áreas vagas na data da aquisição. Por até 24 meses e após aquisição para determinados eventos. % garantido relativo = receita garantida / receita total",
36.200.677/0001-10,2021-12-31,1,CLE - Centro Logísntico Embu,0.388133,SANCA GTIS EMBU EMPREENDIMENTOS LTDA.,"Receita de locação, condomínio e IPTU (e Foro, quando aplicável) de áreas vagas na data da aquisição. Por até 24 meses e após aquisição para determinados eventos. % garantido relativo = receita garantida / receita total",
36.517.660/0001-91,2021-03-31,1,Urbic Sabia,0.0067,Vendedor,"O pagamento de renda garantida será sobre todos os valores efetivamente recebidos pelaVENDEDORA de acordo com as parcelas acordadas, durante o periodo de contrução",
36.517.660/0001-91,2021-03-31,1,Urbic Tomas Alves,0.0067,Vendedor,"O pagamento de renda garantida será sobre todos os valores efetivamente recebidos pelaVENDEDORA de acordo com as parcelas acordadas, durante o periodo de contrução",
36.517.660/0001-91,2021-03-31,1,Cyrela for you,0.0067,Vendedor,"O pagamento de renda garantida será sobre todos os valores efetivamente recebidos pelaVENDEDORA de acordo com as parcelas acordadas, durante o periodo de contrução",
36.517.660/0001-91,2021-06-30,1,Urbic Sabia,0.0067,Vendedor,"O pagamento de renda garantida será sobre todos os valores efetivamente recebidos pelaVENDEDORA de acordo com as parcelas acordadas, durante o periodo de contrução",
36.517.660/0001-91,2021-06-30,1,Urbic Tomas Alves,0.0067,Vendedor,"O pagamento de renda garantida será sobre todos os valores efetivamente recebidos pelaVENDEDORA de acordo com as parcelas acordadas, durante o periodo de contrução (até junho)",
36.517.660/0001-91,2021-06-30,1,Cyrela for you,0.0067,Vendedor,"O pagamento de renda garantida será sobre todos os valores efetivamente recebidos pelaVENDEDORA de acordo com as parcelas acordadas, durante o periodo de contrução",
36.517.660/0001-91,2021-09-30,1,Urbic Sabia,0.0067,Vendedor,"O pagamento de renda garantida será sobre todos os valores efetivamente recebidos pelaVENDEDORA de acordo com as parcelas acordadas, durante o periodo de contrução",
36.517.660/0001-91,2021-09-30,1,Cyrela for you,0.0067,Vendedor,"O pagamento de renda garantida será sobre todos os valores efetivamente recebidos pelaVENDEDORA de acordo com as parcelas acordadas, durante o periodo de contrução",
36.517.660/0001-91,2021-12-31,1,Urbic Sabia,0.0067,Vendedor,"O pagamento de renda garantida será sobre todos os valores efetivamente recebidos pelaVENDEDORA de acordo com as parcelas acordadas, durante o periodo de contrução",
36.517.660/0001-91,2021-12-31,1,Cyrela for you,0.0067,Vendedor,"O pagamento de renda garantida será sobre todos os valores efetivamente recebidos pelaVENDEDORA de acordo com as parcelas acordadas, durante o periodo de contrução",
37.087.810/0001-37,2021-03-31,3,Não possui informação apresentada.,,,,
37.087.810/0001-37,2021-06-30,2,Não possui informação apresentada.,,,,
37.087.810/0001-37,2021-09-30,1,Não possui informação apresentada.,,,,
37.087.810/0001-37,2021-12-31,3,Não possui informação apresentada.,,,,
38.294.086/0001-85,2021-03-31,1,Complexo Rochaverá,0.003326,Mirae Asset Maps Asia Pacific Real Estate,Aquisição de imóveis,
38.294.086/0001-85,2021-06-30,1,Complexo Rochaverá - Torres A & B,0.007139,Mirae Asset Maps Asia Pacific Real Estate,Aquisição de Imóveis,
38.294.086/0001-85,2021-09-30,1,Complexo Rochaverá - Torres A & B,0.008113,Mirae Asset Maps Asia Pacific Real Estate,Aquisição de Ativos,
38.294.086/0001-85,2021-12-31,1,Complexo Rochaverá - Torres A & B,0.008602,Mirae Asset Maps Asia Pacific Real Estate,Aquisição de Imóveis,
40.414.001/0001-05,2021-09-30,2,Flamengo,1.0,BR7 FIM CP,"unidades autônomas 201, 202, 301 e 302 do Ed. Flamengo",
40.414.001/0001-05,2021-12-31,1,Flamengo,1.0,BR7 FIM CP,"Unidades Autônomas 201, 202, 301 e 302 do Ed. Flamengo.",
,2019-12-31,1,Idea Empreendimentos SPE 11 Ltda,0.044143,Vendedor,18 meses de duração,03.683.056/0001-86
,2019-03-31,1,Não Aplicavel,0.0,Não Aplicavel,Não Aplicavel,07.583.627/0001-61
,2019-06-30,1,Não Aplicavel,0.0,Não Aplicavel,Não Aplicavel,07.583.627/0001-61
,2019-09-30,1,Não Aplicavel,0.0,Não Aplicavel,Não Aplicavel,07.583.627/0001-61
,2019-12-31,1,Não Aplicavel,0.0,Não Aplicavel,Não Aplicavel,07.583.627/0001-61
,2019-03-29,1,SPE HOLDING FAZENDA BOA VISTA LTDA.,0.01,JHSF PARTICIPAÇÕES S.A.,"A rentabilidade mínima mensal a ser garantida pelas Sociedades e pela JHSF ao Veículo de Investimento, nos termos das SCP, para que permita a este distribuir ao Fundo, após deduzidas todas as despesas aplicáveis, recursos suficientes para a distribuição de rendimentos aos Cotistas no montante correspondente à variação acumulada do IPCA/IBGE, acrescido de 1 % (um por cento) ao ano, calculada desde a última distribuição mensal de rendimentos até a efetiva data de distribuição de rendimentos do mês emquestão sobre o valor do Capital Investido.  Nos termos das SCP, estas deverão realizar pagamentos mensais ao Veículo de Investimento e/ou diretamente ao Fundo, em valor suficiente para que este último distribua aos seus Cotistas a Rentabilidade Mínima, sendo tal obrigação garantida pela fiança a ser prestada pelo Empreendedor no âmbito do Acordo de Investimento.",16.915.868/0001-51
,2019-06-28,1,SPE HOLDING FAZENDA BOA VISTA LTDA.,0.01,JHSF PARTICIPAÇÕES S.A.,"A rentabilidade mínima mensal a ser garantida pelas Sociedades e pela JHSF ao Veículo de Investimento, nos termos das SCP, para que permita a este distribuir ao Fundo, após deduzidas todas as despesas aplicáveis, recursos suficientes para a distribuição de rendimentos aos Cotistas no montante correspondente à variação acumulada do IPCA/IBGE, acrescido de 1 % (um por cento) ao ano, calculada desde a última distribuição mensal de rendimentos até a efetiva data de distribuição de rendimentos do mês emquestão sobre o valor do Capital Investido.  Nos termos das SCP, estas deverão realizar pagamentos mensais ao Veículo de Investimento e/ou diretamente ao Fundo, em valor suficiente para que este último distribua aos seus Cotistas a Rentabilidade Mínima, sendo tal obrigação garantida pela fiança a ser prestada pelo Empreendedor no âmbito do Acordo de Investimento.",16.915.868/0001-51
,2019-09-30,1,SPE HOLDING FAZENDA BOA VISTA LTDA.,0.01,JHSF PARTICIPAÇÕES S.A.,"A rentabilidade mínima mensal a ser garantida pelas Sociedades e pela JHSF ao Veículo de Investimento, nos termos das SCP, para que permita a este distribuir ao Fundo, após deduzidas todas as despesas aplicáveis, recursos suficientes para a distribuição de rendimentos aos Cotistas no montante correspondente à variação acumulada do IPCA/IBGE, acrescido de 1 % (um por cento) ao ano, calculada desde a última distribuição mensal de rendimentos até a efetiva data de distribuição de rendimentos do mês emquestão sobre o valor do Capital Investido.  Nos termos das SCP, estas deverão realizar pagamentos mensais ao Veículo de Investimento e/ou diretamente ao Fundo, em valor suficiente para que este último distribua aos seus Cotistas a Rentabilidade Mínima, sendo tal obrigação garantida pela fiança a ser prestada pelo Empreendedor no âmbito do Acordo de Investimento.",16.915.868/0001-51
,2019-12-31,1,SPE HOLDING FAZENDA BOA VISTA LTDA.,0.01,JHSF PARTICIPAÇÕES S.A.,"A rentabilidade mínima mensal a ser garantida pelas Sociedades e pela JHSF ao Veículo de Investimento, nos termos das SCP, para que permita a este distribuir ao Fundo, após deduzidas todas as despesas aplicáveis, recursos suficientes para a distribuição de rendimentos aos Cotistas no montante correspondente à variação acumulada do IPCA/IBGE, acrescido de 1 % (um por cento) ao ano, calculada desde a última distribuição mensal de rendimentos até a efetiva data de distribuição de rendimentos do mês emquestão sobre o valor do Capital Investido.  Nos termos das SCP, estas deverão realizar pagamentos mensais ao Veículo de Investimento e/ou diretamente ao Fundo, em valor suficiente para que este último distribua aos seus Cotistas a Rentabilidade Mínima, sendo tal obrigação garantida pela fiança a ser prestada pelo Empreendedor no âmbito do Acordo de Investimento.",16.915.868/0001-51
,2019-03-29,1,FDO INV IMOB GENERAL SHOPPING ATIVO E RENDA - FII - FIGS11,0.1,General Shopping Brasil,"A empresa oferecerá rentabilidade de 10% a.a. durante 48 meses após a inauguração do Parque Shopping Maia, localizado em Guarulhos. A rentabilidade garantida terminará em abril/2019",17.098.794/0001-70
,2019-03-31,1,Praça Capital - Bloco 02,1.0,A incorporadora,"Prêmio de locação pago ao fundo em benefício dos cotistas desde a data de recebimento do preço de aquisição, que ocorreu em março de 2018, até os 12 (doze) meses consecutivos à data de obtenção do habite-se frequência mensal calculado pro rata temporis taxa de 9,5% a.a. calculado com capitalização composta com base em um ano de 252 dias úteis.",17.311.079/0001-74
,2019-06-30,1,Praça Capital - Bloco 02,1.0,A incorporadora,"Prêmio de locação pago ao fundo em benefício dos cotistas desde a data de recebimento do preço de aquisição, que ocorreu em março de 2018, até os 12 (doze) meses consecutivos à data de obtenção do habite-se frequência mensal calculado pro rata temporis taxa de 9,5% a.a. calculado com capitalização composta com base em um ano de 252 dias úteis.",17.311.079/0001-74
,2019-03-31,2,VUL ADM E INCORPORAD,0.0,GENERAL SHOPPING BRASIL S.A.,"No Prospecto de Distruição Pública de Cotas foi acordado o pagamento do valor de R$ 10,00 por cota ao ano, equivalente a R$ 0,83 por cota/mês a título de renda mínima garantida, com término em 48 meses após a inauguração do Parque Shopping Maia (término previsto para abril/19)",17.590.518/0001-25
,2019-03-29,1,IMÓVEL CONASA,1.0,"Cia Aguas de Itapema, regime built to suit, fiador CONASA","Locação garantida fev16 a jul29, vl mensal R$ 177.754,85",18.369.510/0001-04
,2019-06-28,1,IMÓVEL CONASA,1.0,"Cia Aguas de Itapema, regime built to suit, fiador CONASA","Locação garantida fev16 a jul29, vl mensal R$ 177.754,85",18.369.510/0001-04
,2019-09-30,1,IMÓVEL CONASA,1.0,"Cia Aguas de Itapema, regime built to suit, fiador CONASA","Locação garantida fev16 a jul29, vl mensal R$ 177.754,85",18.369.510/0001-04
,2019-12-31,1,IMÓVEL CONASA,1.0,"Cia Aguas de Itapema, regime built to suit, fiador CONASA","Locação garantida fev16 a jul29, vl mensal R$ 177.754,85",18.369.510/0001-04
,2019-03-31,1,,,,,22.957.521/0001-74
,2019-06-30,1,,,,,22.957.521/0001-74
,2019-09-30,1,,,,,22.957.521/0001-74
,2019-12-31,1,,,,,22.957.521/0001-74
,2019-03-31,1,,0.0,,,28.516.650/0001-03
,2019-06-30,1,,0.0,,,28.516.650/0001-03
,2019-09-30,1,,0.0,,,28.516.650/0001-03
,2019-12-31,1,,0.0,,,28.516.650/0001-03
,2019-03-31,1,,0.0,,,28.693.595/0001-27
,2019-06-30,1,,0.0,,,28.693.595/0001-27
,2019-09-30,1,,0.0,,,28.693.595/0001-27
,2019-12-31,1,,0.0,,,28.693.595/0001-27
,2019-12-31,1,Edifício Corporate Evolution,1.0,Noctus Empreendimentos e Participacoes S.A.,Premio de Locação,30.654.849/0001-40
,2019-06-30,1,,0.0,,,30.791.386/0001-68
,2019-09-30,1,,0.0,,,30.791.386/0001-68
,2019-12-31,2,,0.0,,,30.791.386/0001-68
,2017-03-31,1,"Edifício Visconde de Inhaúma, nº 95, Centro, Rio de Janeiro",0.1342,Venerável Ordem Terceira de São Francisco da Penintência,"Existe uma garantia no valor de R$ 4.609.950,74 para cobrir a rentabilidade garantida até o fim do contrato de locação com a Companhia Modernos Hoteis do Brasil.",01.235.622/0001-61
,2017-06-30,1,"Edifício Visconde de Inhaúma, nº 95, Centro, Rio de Janeiro",0.1342,Venerável Ordem Terceira de São Francisco da Penintência,"Existe uma garantia no valor de R$ 4.609.950,74 para cobrir a rentabilidade garantida até o fim do contrato de locação com a Companhia Modernos Hoteis do Brasil.",01.235.622/0001-61
,2017-09-29,2,"Edifício Visconde de Inhaúma, nº 95, Centro, Rio de Janeiro",0.1342,Venerável Ordem Terceira de São Francisco da Penintência,"Existe uma garantia no valor de R$ 4.609.950,74 para cobrir a rentabilidade garantida até o fim do contrato de locação com a Companhia Modernos Hoteis do Brasil.",01.235.622/0001-61
,2017-03-31,1,Não Aplicavel,0.0,Não Aplicavel,Não Aplicavel,07.583.627/0001-61
,2017-06-30,1,Não Aplicavel,0.0,Não Aplicavel,Não Aplicavel,07.583.627/0001-61
,2017-09-30,1,Não Aplicavel,0.0,Não Aplicavel,Não Aplicavel,07.583.627/0001-61
,2017-12-31,1,Não Aplicavel,0.0,Não Aplicavel,Não Aplicavel,07.583.627/0001-61
,2017-12-31,1,Terreno Campinas,0.0095,Kroton,"O contrato preve uma rentabilidade para o Fundo de 0,95% a.m. sobre o valor dos recursos liquidos captados para a obra, até o termino da contrução do imovel, que contratualmente deverá ocorrer até junho/2019",13.022.994/0001-99
,2017-12-31,1,Terreno Cuiabá,0.0095,Kroton,"O contrato preve uma rentabilidade para o Fundo de 0,95% a.m. sobre o valor dos recursos liquidos captados para a obra, até o termino da contrução do imovel, que contratualmente deverá ocorrer até junho/2019",13.022.994/0001-99
,2017-09-29,1,Shopping Sulacap,0.85,General Shopping,3 anos a partir da inauguração do Shopping com término em out/16,13.652.006/0001-95
,2017-12-31,1,Shopping Sulacap,0.85,General Shopping,3 anos a partir da inauguração do Shopping com término em out/16,13.652.006/0001-95
,2017-03-31,1,Terreno Campinas,0.0095,Kroton,"O contrato preve uma rentabilidade para o Fundo de 0,95% a.m. sobre o valor dos recursos liquidos captados para a obra, até o termino da contrução do imovel, que contratualmente deverá ocorrer até junho/2019",13.873.457/0001-52
,2017-03-31,1,Terreno Cuiabá,0.0095,Kroton,"O contrato preve uma rentabilidade para o Fundo de 0,95% a.m. sobre o valor dos recursos liquidos captados para a obra, até o termino da contrução do imovel, que contratualmente deverá ocorrer até junho/2019",13.873.457/0001-52
,2017-06-30,1,Terreno Campinas,0.0095,Kroton,"O contrato preve uma rentabilidade para o Fundo de 0,95% a.m. sobre o valor dos recursos liquidos captados para a obra, até o termino da contrução do imovel, que contratualmente deverá ocorrer até junho/2019",13.873.457/0001-52
,2017-06-30,1,Terreno Cuiabá,0.0095,Kroton,"O contrato preve uma rentabilidade para o Fundo de 0,95% a.m. sobre o valor dos recursos liquidos captados para a obra, até o termino da contrução do imovel, que contratualmente deverá ocorrer até junho/2019",13.873.457/0001-52
,2017-09-30,1,Terreno Campinas,0.0095,Kroton,"O contrato preve uma rentabilidade para o Fundo de 0,95% a.m. sobre o valor dos recursos liquidos captados para a obra, até o termino da contrução do imovel, que contratualmente deverá ocorrer até junho/2019",13.873.457/0001-52
,2017-09-30,1,Terreno Cuiabá,0.0095,Kroton,"O contrato preve uma rentabilidade para o Fundo de 0,95% a.m. sobre o valor dos recursos liquidos captados para a obra, até o termino da contrução do imovel, que contratualmente deverá ocorrer até junho/2019",13.873.457/0001-52
,2017-12-31,2,Terreno Campinas,0.0095,Kroton,"O contrato preve uma rentabilidade para o Fundo de 0,95% a.m. sobre o valor dos recursos liquidos captados para a obra, até o termino da contrução do imovel, que contratualmente deverá ocorrer até junho/2019",13.873.457/0001-52
,2017-12-31,2,Terreno Cuiabá,0.0095,Kroton,"O contrato preve uma rentabilidade para o Fundo de 0,95% a.m. sobre o valor dos recursos liquidos captados para a obra, até o termino da contrução do imovel, que contratualmente deverá ocorrer até junho/2019",13.873.457/0001-52
,2017-12-31,1,Terreno Campinas,0.0095,Kroton,"O contrato preve uma rentabilidade para o Fundo de 0,95% a.m. sobre o valor dos recursos liquidos captados para a obra, até o termino da contrução do imovel, que contratualmente deverá ocorrer até junho-2019",14.733.211/0001-48
,2017-12-31,1,Terreno Cuiabá,0.0095,Kroton,"O contrato preve uma rentabilidade para o Fundo de 0,95% a.m. sobre o valor dos recursos liquidos captados para a obra, até o termino da contrução do imovel, que contratualmente deverá ocorrer até junho-2019",14.733.211/0001-48
,2017-03-31,1,SPE HOLDING FAZENDA BOA VISTA LTDA.,0.01,JHSF PARTICIPAÇÕES S.A.,"A rentabilidade mínima mensal a ser garantida pelas Sociedades e pela JHSF ao Veículo de Investimento, nos termos das SCP, para que permita a este distribuir ao Fundo, após deduzidas todas as despesas aplicáveis, recursos suficientes para a distribuição de rendimentos aos Cotistas no montante correspondente à variação acumulada do IPCA/IBGE, acrescido de 1 % (um por cento) ao ano, calculada desde a última distribuição mensal de rendimentos até a efetiva data de distribuição de rendimentos do mês emquestão sobre o valor do Capital Investido.  Nos termos das SCP, estas deverão realizar pagamentos mensais ao Veículo de Investimento e/ou diretamente ao Fundo, em valor suficiente para que este último distribua aos seus Cotistas a Rentabilidade Mínima, sendo tal obrigação garantida pela fiança a ser prestada pelo Empreendedor no âmbito do Acordo de Investimento.",16.915.868/0001-51
,2017-06-30,1,SPE HOLDING FAZENDA BOA VISTA LTDA.,0.01,JHSF PARTICIPAÇÕES S.A.,"A rentabilidade mínima mensal a ser garantida pelas Sociedades e pela JHSF ao Veículo de Investimento, nos termos das SCP, para que permita a este distribuir ao Fundo, após deduzidas todas as despesas aplicáveis, recursos suficientes para a distribuição de rendimentos aos Cotistas no montante correspondente à variação acumulada do IPCA/IBGE, acrescido de 1 % (um por cento) ao ano, calculada desde a última distribuição mensal de rendimentos até a efetiva data de distribuição de rendimentos do mês emquestão sobre o valor do Capital Investido.  Nos termos das SCP, estas deverão realizar pagamentos mensais ao Veículo de Investimento e/ou diretamente ao Fundo, em valor suficiente para que este último distribua aos seus Cotistas a Rentabilidade Mínima, sendo tal obrigação garantida pela fiança a ser prestada pelo Empreendedor no âmbito do Acordo de Investimento.",16.915.868/0001-51
,2017-09-30,1,SPE HOLDING FAZENDA BOA VISTA LTDA.,0.01,JHSF PARTICIPAÇÕES S.A.,"A rentabilidade mínima mensal a ser garantida pelas Sociedades e pela JHSF ao Veículo de Investimento, nos termos das SCP, para que permita a este distribuir ao Fundo, após deduzidas todas as despesas aplicáveis, recursos suficientes para a distribuição de rendimentos aos Cotistas no montante correspondente à variação acumulada do IPCA/IBGE, acrescido de 1 % (um por cento) ao ano, calculada desde a última distribuição mensal de rendimentos até a efetiva data de distribuição de rendimentos do mês emquestão sobre o valor do Capital Investido.  Nos termos das SCP, estas deverão realizar pagamentos mensais ao Veículo de Investimento e/ou diretamente ao Fundo, em valor suficiente para que este último distribua aos seus Cotistas a Rentabilidade Mínima, sendo tal obrigação garantida pela fiança a ser prestada pelo Empreendedor no âmbito do Acordo de Investimento.",16.915.868/0001-51
,2017-12-29,4,SPE HOLDING FAZENDA BOA VISTA LTDA.,0.01,JHSF PARTICIPAÇÕES S.A.,"A rentabilidade mínima mensal a ser garantida pelas Sociedades e pela JHSF ao Veículo de Investimento, nos termos das SCP, para que permita a este distribuir ao Fundo, após deduzidas todas as despesas aplicáveis, recursos suficientes para a distribuição de rendimentos aos Cotistas no montante correspondente à variação acumulada do IPCA/IBGE, acrescido de 1 % (um por cento) ao ano, calculada desde a última distribuição mensal de rendimentos até a efetiva data de distribuição de rendimentos do mês emquestão sobre o valor do Capital Investido.  Nos termos das SCP, estas deverão realizar pagamentos mensais ao Veículo de Investimento e/ou diretamente ao Fundo, em valor suficiente para que este último distribua aos seus Cotistas a Rentabilidade Mínima, sendo tal obrigação garantida pela fiança a ser prestada pelo Empreendedor no âmbito do Acordo de Investimento.",16.915.868/0001-51
,2017-09-30,1,FDO INV IMOB GENERAL SHOPPING ATIVO E RENDA - FII - FIGS11,0.1,General Shopping Brasil,"A empresa oferecerá rentabilidade de 10% a.a. durante 48 meses após a inauguração do Parque Shopping Maia, localizado em Guarulhos. A rentabilidade garantida terminará em abril/2019",17.098.794/0001-70
,2017-12-29,2,FDO INV IMOB GENERAL SHOPPING ATIVO E RENDA - FII - FIGS11,0.1,General Shopping Brasil,"A empresa oferecerá rentabilidade de 10% a.a. durante 48 meses após a inauguração do Parque Shopping Maia, localizado em Guarulhos. A rentabilidade garantida terminará em abril/2019",17.098.794/0001-70
,2017-03-31,2,Praça Capital - Bloco 02,1.0,A incorporadora,"Prêmio de locação pago ao fundo em benefício dos cotistas desde a data de recebimento do preço de aquisição até os 12 (doze) meses consecutivos à data de obtenção do habite-se frequência mensal calculado pro rata temporis taxa de 9,5% a.a. calculado com capitalização composta com base em um ano de 252 dias úteis.",17.311.079/0001-74
,2017-06-30,1,Praça Capital - Bloco 02,1.0,A incorporadora,"Prêmio de locação pago ao fundo em benefício dos cotistas desde a data de recebimento do preço de aquisição até os 12 (doze) meses consecutivos à data de obtenção do habite-se frequência mensal calculado pro rata temporis taxa de 9,5% a.a. calculado com capitalização composta com base em um ano de 252 dias úteis.",17.311.079/0001-74
,2017-09-29,1,Praça Capital - Bloco 02,1.0,A incorporadora,"Prêmio de locação pago ao fundo em benefício dos cotistas desde a data de recebimento do preço de aquisição até os 12 (doze) meses consecutivos à data de obtenção do habite-se frequência mensal calculado pro rata temporis taxa de 9,5% a.a. calculado com capitalização composta com base em um ano de 252 dias úteis.",17.311.079/0001-74
,2017-12-31,1,Praça Capital - Bloco 02,1.0,A incorporadora,"Prêmio de locação pago ao fundo em benefício dos cotistas desde a data de recebimento do preço de aquisição até os 12 (doze) meses consecutivos à data de obtenção do habite-se frequência mensal calculado pro rata temporis taxa de 9,5% a.a. calculado com capitalização composta com base em um ano de 252 dias úteis.",17.311.079/0001-74
,2017-03-31,2,VUL ADM E INCORPORAD,0.0,GENERAL SHOPPING BRASIL S.A.,"No Prospecto de Distruição Pública de Cotas foi acordado o pagamento do valor de R$ 10,00 por cota ao ano, equivalente a R$ 0,83 por cota/mês a título de renda mínima garantida, com término em 48 meses após a inauguração do Parque Shopping Maia (término previsto para abril/19)",17.590.518/0001-25
,2017-06-30,3,VUL ADM E INCORPORAD,0.0,GENERAL SHOPPING BRASIL S.A.,"No Prospecto de Distruição Pública de Cotas foi acordado o pagamento do valor de R$ 10,00 por cota ao ano, equivalente a R$ 0,83 por cota/mês a título de renda mínima garantida, com término em 48 meses após a inauguração do Parque Shopping Maia (término previsto para abril/19)",17.590.518/0001-25
,2017-09-30,2,VUL ADM E INCORPORAD,0.0,GENERAL SHOPPING BRASIL S.A.,"No Prospecto de Distruição Pública de Cotas foi acordado o pagamento do valor de R$ 10,00 por cota ao ano, equivalente a R$ 0,83 por cota/mês a título de renda mínima garantida, com término em 48 meses após a inauguração do Parque Shopping Maia (término previsto para abril/19)",17.590.518/0001-25
,2017-12-31,4,VUL ADM E INCORPORAD,0.0,GENERAL SHOPPING BRASIL S.A.,"No Prospecto de Distruição Pública de Cotas foi acordado o pagamento do valor de R$ 10,00 por cota ao ano, equivalente a R$ 0,83 por cota/mês a título de renda mínima garantida, com término em 48 meses após a inauguração do Parque Shopping Maia (término previsto para abril/19)",17.590.518/0001-25
,2017-03-31,2,Shopping Praça Rio Grande,0.0095829374758642,Vendedor ( 5R Shopping Centers Ltda),"Conforme a Escritura de Compra e Venda de 24 de setembro de 2014, o Vendedor do Empreendimento , se compromete a pagar mensalmente ao Fundo entre o período de Setembro de 2014 (data de aquisição) à Setembro de 2017, um Prêmio de Locação mínimo equivalente ao valor pago pelo Fundo no Empreendimento.",18.330.535/0001-96
,2017-06-30,2,Shopping Praça Rio Grande,0.0095829374758642,Vendedor ( 5R Shopping Centers Ltda),"Conforme a Escritura de Compra e Venda de 24 de setembro de 2014, o Vendedor do Empreendimento , se compromete a pagar mensalmente ao Fundo entre o período de Setembro de 2014 (data de aquisição) à Setembro de 2017, um Prêmio de Locação mínimo equivalente ao valor pago pelo Fundo no Empreendimento.",18.330.535/0001-96
,2017-03-31,1,IMÓVEL CONASA,,,,18.369.510/0001-04
,2017-06-30,1,IMÓVEL CONASA,1.0,"Cia Aguas de Itapema, regime built to suit, fiador CONASA","Locação garantida fev16 a jul29, vl mensal R$ 164.038,00",18.369.510/0001-04
,2017-09-29,1,IMÓVEL CONASA,1.0,"Cia Aguas de Itapema, regime built to suit, fiador CONASA","Locação garantida fev16 a jul29, vl mensal R$ 164.038,00",18.369.510/0001-04
,2017-12-31,1,IMÓVEL CONASA,1.0,"Cia Aguas de Itapema, regime built to suit, fiador CONASA","Locação garantida fev16 a jul29, vl mensal R$ 171.844,42",18.369.510/0001-04
,2017-06-30,1,Ações da BRA Holding,0.09,SPEs investidas pela BRA Holding,Preferência na distribuição de resultados dos empreendimentos investidos. (IPCA + 9% a.a),19.107.604/0001-60
,2017-09-29,1,Ações da BRA Holding,0.095,SPEs investidas pela BRA Holding,"Preferência na distribuição de resultados dos empreendimentos investidos. (IPCA + 9,5% a.a)",19.107.604/0001-60
,2017-12-29,1,Ações da BRA Holding,0.095,SPEs investidas pela BRA Holding,"Preferência na distribuição de resultados dos empreendimentos investidos. (IPCA + 9,5% a.a)",19.107.604/0001-60
,2017-12-31,3,Não aplicável,0.0,Não aplicável,Não aplicável,28.152.272/0001-26
,2016-12-31,1,"Edifício Visconde de Inhaúma, nº 95, Centro, Rio de Janeiro",0.1342,Venerável Ordem Terceira de São Francisco da Penintência,"Existe uma garantia no valor de R$ 4.609.950,74 para cobrir a rentabilidade garantida até o fim do contrato de locação com a Companhia Modernos Hoteis do Brasil.",01.235.622/0001-61
,2016-12-31,1,não aplicavel,0.0,não aplicavel,não aplicavel,07.583.627/0001-61
,2016-12-31,3,,,,,07.789.135/0001-27
,2016-12-31,1,Shopping Sulacap,0.85,General Shopping,3 anos a partir da inauguração do Shopping com término em out/16,13.652.006/0001-95
,2016-12-31,1,Terreno Campinas,0.0095,Kroton,"O contrato preve uma rentabilidade para o Fundo de 0,95% a.m. sobre o valor dos recursos liquidos captados para a obra, até o termino da contrução do imovel, que contratualmente deverá ocorrer até junho/2019",13.873.457/0001-52
,2016-12-31,1,Terreno Cuiabá,0.0095,Kroton,"O contrato preve uma rentabilidade para o Fundo de 0,95% a.m. sobre o valor dos recursos liquidos captados para a obra, até o termino da contrução do imovel, que contratualmente deverá ocorrer até junho/2019",13.873.457/0001-52
,2016-12-31,1,SPE HOLDING FAZENDA BOA VISTA LTDA,0.01,JHSF PARTICIPAÇÕES S.A,"A rentabilidade mínima mensal a ser garantida pelas Sociedades e pela JHSF ao Veículo de Investimento, nos termos das SCP, para que permita a este distribuir ao Fundo, após deduzidas todas as despesas aplicáveis, recursos suficientes para a distribuição de rendimentos aos Cotistas no montante correspondente à variação acumulada do IPCA/IBGE, acrescido de 1 % (um por cento) ao ano, calculada desde a última distribuição mensal de rendimentos até a efetiva data de distribuição de rendimentos do mês emquestão sobre o valor do Capital Investido.  Nos termos das SCP, estas deverão realizar pagamentos mensais ao Veículo de Investimento e/ou diretamente ao Fundo, em valor suficiente para que este último distribua aos seus Cotistas a Rentabilidade Mínima, sendo tal obrigação garantida pela fiança a ser prestada pelo Empreendedor no âmbito do Acordo de Investimento.",16.915.868/0001-51
,2016-12-31,1,Praça Capital - Bloco 02,1.0,A incorporadora,"Prêmio de locação pago ao fundo em benefício dos cotistas desde a data de recebimento do preço de aquisição até os 12 (doze) meses consecutivos à data de obtenção do habite-se frequência mensal calculado pro rata temporis taxa de 9,5% a.a. calculado com capitalização composta com base em um ano de 252 dias úteis.",17.311.079/0001-74
,2016-12-31,1,Edificio DOMO CORPORATE,1.0,PDG,"Renda minina garantida durante o periodo de 3 anos, após inaguração",17.374.696/0001-19
,2016-12-31,2,VUL ADM E INCORPORAD,0.0,GENERAL SHOPPING BRASIL S.A.,"No Prospecto de Distruição Pública de Cotas foiacordado o pagamento do valor de R$ 10,00 porcota ao ano, equivalente a R$ 0,83 por cota/mêsa título de renda mínima garantida, com términoem 48 meses após a inauguração do ParqueShopping Maia (término previsto para abril/19)",17.590.518/0001-25
,2016-12-31,2,Shopping Praça Rio Grande,0.0095829374758642,Vendedor ( 5R Shopping Centers Ltda),"Conforme a Escritura de Compra e Venda de 24 de setembro de 2014, o Vendedor do Empreendimento , se compromete a pagar mensalmente ao Fundo entre o período de Setembro de 2014 (data de aquisição) à Setembro de 2017, um Prêmio de Locação mínimo.",18.330.535/0001-96
,2016-12-31,1,IMÓVEL CONASA,,,,18.369.510/0001-04
,2018-03-31,1,Não Aplicavel,0.0,Não Aplicavel,Não Aplicavel,07.583.627/0001-61
,2018-06-30,1,Não Aplicavel,0.0,Não Aplicavel,Não Aplicavel,07.583.627/0001-61
,2018-09-30,1,Não Aplicavel,0.0,Não Aplicavel,Não Aplicavel,07.583.627/0001-61
,2018-12-31,1,Não Aplicavel,0.0,Não Aplicavel,Não Aplicavel,07.583.627/0001-61
,2018-03-31,1,Shopping Sulacap,0.85,General Shopping,3 anos a partir da inauguração do Shopping com término em out/16,13.652.006/0001-95
,2018-06-30,1,Shopping Sulacap,0.85,General Shopping,3 anos a partir da inauguração do Shopping com término em out/16,13.652.006/0001-95
,2018-03-29,1,SPE HOLDING FAZENDA BOA VISTA LTDA.,0.01,JHSF PARTICIPAÇÕES S.A.,"A rentabilidade mínima mensal a ser garantida pelas Sociedades e pela JHSF ao Veículo de Investimento, nos termos das SCP, para que permita a este distribuir ao Fundo, após deduzidas todas as despesas aplicáveis, recursos suficientes para a distribuição de rendimentos aos Cotistas no montante correspondente à variação acumulada do IPCA/IBGE, acrescido de 1 % (um por cento) ao ano, calculada desde a última distribuição mensal de rendimentos até a efetiva data de distribuição de rendimentos do mês emquestão sobre o valor do Capital Investido.  Nos termos das SCP, estas deverão realizar pagamentos mensais ao Veículo de Investimento e/ou diretamente ao Fundo, em valor suficiente para que este último distribua aos seus Cotistas a Rentabilidade Mínima, sendo tal obrigação garantida pela fiança a ser prestada pelo Empreendedor no âmbito do Acordo de Investimento.",16.915.868/0001-51
,2018-06-29,1,SPE HOLDING FAZENDA BOA VISTA LTDA.,0.01,JHSF PARTICIPAÇÕES S.A.,"A rentabilidade mínima mensal a ser garantida pelas Sociedades e pela JHSF ao Veículo de Investimento, nos termos das SCP, para que permita a este distribuir ao Fundo, após deduzidas todas as despesas aplicáveis, recursos suficientes para a distribuição de rendimentos aos Cotistas no montante correspondente à variação acumulada do IPCA/IBGE, acrescido de 1 % (um por cento) ao ano, calculada desde a última distribuição mensal de rendimentos até a efetiva data de distribuição de rendimentos do mês emquestão sobre o valor do Capital Investido.  Nos termos das SCP, estas deverão realizar pagamentos mensais ao Veículo de Investimento e/ou diretamente ao Fundo, em valor suficiente para que este último distribua aos seus Cotistas a Rentabilidade Mínima, sendo tal obrigação garantida pela fiança a ser prestada pelo Empreendedor no âmbito do Acordo de Investimento.",16.915.868/0001-51
,2018-09-28,1,SPE HOLDING FAZENDA BOA VISTA LTDA.,0.01,JHSF PARTICIPAÇÕES S.A.,"A rentabilidade mínima mensal a ser garantida pelas Sociedades e pela JHSF ao Veículo de Investimento, nos termos das SCP, para que permita a este distribuir ao Fundo, após deduzidas todas as despesas aplicáveis, recursos suficientes para a distribuição de rendimentos aos Cotistas no montante correspondente à variação acumulada do IPCA/IBGE, acrescido de 1 % (um por cento) ao ano, calculada desde a última distribuição mensal de rendimentos até a efetiva data de distribuição de rendimentos do mês emquestão sobre o valor do Capital Investido.  Nos termos das SCP, estas deverão realizar pagamentos mensais ao Veículo de Investimento e/ou diretamente ao Fundo, em valor suficiente para que este último distribua aos seus Cotistas a Rentabilidade Mínima, sendo tal obrigação garantida pela fiança a ser prestada pelo Empreendedor no âmbito do Acordo de Investimento.",16.915.868/0001-51
,2018-12-31,2,SPE HOLDING FAZENDA BOA VISTA LTDA.,0.01,JHSF PARTICIPAÇÕES S.A.,"A rentabilidade mínima mensal a ser garantida pelas Sociedades e pela JHSF ao Veículo de Investimento, nos termos das SCP, para que permita a este distribuir ao Fundo, após deduzidas todas as despesas aplicáveis, recursos suficientes para a distribuição de rendimentos aos Cotistas no montante correspondente à variação acumulada do IPCA/IBGE, acrescido de 1 % (um por cento) ao ano, calculada desde a última distribuição mensal de rendimentos até a efetiva data de distribuição de rendimentos do mês emquestão sobre o valor do Capital Investido.  Nos termos das SCP, estas deverão realizar pagamentos mensais ao Veículo de Investimento e/ou diretamente ao Fundo, em valor suficiente para que este último distribua aos seus Cotistas a Rentabilidade Mínima, sendo tal obrigação garantida pela fiança a ser prestada pelo Empreendedor no âmbito do Acordo de Investimento.",16.915.868/0001-51
,2018-03-29,1,FDO INV IMOB GENERAL SHOPPING ATIVO E RENDA - FII - FIGS11,0.1,General Shopping Brasil,"A empresa oferecerá rentabilidade de 10% a.a. durante 48 meses após a inauguração do Parque Shopping Maia, localizado em Guarulhos. A rentabilidade garantida terminará em abril/2019",17.098.794/0001-70
,2018-06-29,1,FDO INV IMOB GENERAL SHOPPING ATIVO E RENDA - FII - FIGS11,0.1,General Shopping Brasil,"A empresa oferecerá rentabilidade de 10% a.a. durante 48 meses após a inauguração do Parque Shopping Maia, localizado em Guarulhos. A rentabilidade garantida terminará em abril/2019",17.098.794/0001-70
,2018-09-28,1,FDO INV IMOB GENERAL SHOPPING ATIVO E RENDA - FII - FIGS11,0.1,General Shopping Brasil,"A empresa oferecerá rentabilidade de 10% a.a. durante 48 meses após a inauguração do Parque Shopping Maia, localizado em Guarulhos. A rentabilidade garantida terminará em abril/2019",17.098.794/0001-70
,2018-12-31,1,FDO INV IMOB GENERAL SHOPPING ATIVO E RENDA - FII - FIGS11,0.1,General Shopping Brasil,"A empresa oferecerá rentabilidade de 10% a.a. durante 48 meses após a inauguração do Parque Shopping Maia, localizado em Guarulhos. A rentabilidade garantida terminará em abril/2019",17.098.794/0001-70
,2018-03-31,1,Praça Capital - Bloco 02,1.0,A incorporadora,"Prêmio de locação pago ao fundo em benefício dos cotistas desde a data de recebimento do preço de aquisição até os 12 (doze) meses consecutivos à data de obtenção do habite-se frequência mensal calculado pro rata temporis taxa de 9,5% a.a. calculado com capitalização composta com base em um ano de 252 dias úteis.",17.311.079/0001-74
,2018-06-30,1,Praça Capital - Bloco 02,1.0,A incorporadora,"Prêmio de locação pago ao fundo em benefício dos cotistas desde a data de recebimento do preço de aquisição, que ocorreu em março de 2018, até os 12 (doze) meses consecutivos à data de obtenção do habite-se frequência mensal calculado pro rata temporis taxa de 9,5% a.a. calculado com capitalização composta com base em um ano de 252 dias úteis.",17.311.079/0001-74
,2018-09-30,1,Praça Capital - Bloco 02,1.0,A incorporadora,"Prêmio de locação pago ao fundo em benefício dos cotistas desde a data de recebimento do preço de aquisição, que ocorreu em março de 2018, até os 12 (doze) meses consecutivos à data de obtenção do habite-se frequência mensal calculado pro rata temporis taxa de 9,5% a.a. calculado com capitalização composta com base em um ano de 252 dias úteis.",17.311.079/0001-74
,2018-12-31,1,Praça Capital - Bloco 02,1.0,A incorporadora,"Prêmio de locação pago ao fundo em benefício dos cotistas desde a data de recebimento do preço de aquisição, que ocorreu em março de 2018, até os 12 (doze) meses consecutivos à data de obtenção do habite-se frequência mensal calculado pro rata temporis taxa de 9,5% a.a. calculado com capitalização composta com base em um ano de 252 dias úteis.",17.311.079/0001-74
,2018-03-31,2,VUL ADM E INCORPORAD,0.0,GENERAL SHOPPING BRASIL S.A.,"No Prospecto de Distruição Pública de Cotas foi acordado o pagamento do valor de R$ 10,00 por cota ao ano, equivalente a R$ 0,83 por cota/mês a título de renda mínima garantida, com término em 48 meses após a inauguração do Parque Shopping Maia (término previsto para abril/19)",17.590.518/0001-25
,2018-06-30,1,VUL ADM E INCORPORAD,0.0,GENERAL SHOPPING BRASIL S.A.,"No Prospecto de Distruição Pública de Cotas foi acordado o pagamento do valor de R$ 10,00 por cota ao ano, equivalente a R$ 0,83 por cota/mês a título de renda mínima garantida, com término em 48 meses após a inauguração do Parque Shopping Maia (término previsto para abril/19)",17.590.518/0001-25
,2018-09-30,2,VUL ADM E INCORPORAD,0.0,GENERAL SHOPPING BRASIL S.A.,"No Prospecto de Distruição Pública de Cotas foi acordado o pagamento do valor de R$ 10,00 por cota ao ano, equivalente a R$ 0,83 por cota/mês a título de renda mínima garantida, com término em 48 meses após a inauguração do Parque Shopping Maia (término previsto para abril/19)",17.590.518/0001-25
,2018-12-31,2,VUL ADM E INCORPORAD,0.0,GENERAL SHOPPING BRASIL S.A.,"No Prospecto de Distruição Pública de Cotas foi acordado o pagamento do valor de R$ 10,00 por cota ao ano, equivalente a R$ 0,83 por cota/mês a título de renda mínima garantida, com término em 48 meses após a inauguração do Parque Shopping Maia (término previsto para abril/19)",17.590.518/0001-25
,2018-03-29,2,IMÓVEL CONASA,1.0,"Cia Aguas de Itapema, regime built to suit, fiador CONASA","Locação garantida fev16 a jul29, vl mensal R$ 177.754,85 (data base fev de 2018)",18.369.510/0001-04
,2018-06-29,1,IMÓVEL CONASA,1.0,"Cia Aguas de Itapema, regime built to suit, fiador CONASA","Locação garantida fev16 a jul29, vl mensal R$ 177.754,85",18.369.510/0001-04
,2018-09-28,1,IMÓVEL CONASA,1.0,"Cia Aguas de Itapema, regime built to suit, fiador CONASA","Locação garantida fev16 a jul29, vl mensal R$ 177.754,85",18.369.510/0001-04
,2018-12-31,1,IMÓVEL CONASA,1.0,"Cia Aguas de Itapema, regime built to suit, fiador CONASA","Locação garantida fev16 a jul29, vl mensal R$ 177.754,85",18.369.510/0001-04
,2018-03-29,1,Ações da BRA Holding,0.095,SPEs investidas pela BRA Holding,"Preferência na distribuição de resultados dos empreendimentos investidos. (IPCA + 9,5% a.a)",19.107.604/0001-60
,2018-03-31,2,Não aplicável,0.0,Não aplicável,Não aplicável,28.152.272/0001-26
,2018-06-30,1,,0.0,,,28.152.272/0001-26
,2018-03-31,1,Não aplicável,0.0,Não aplicável,Não aplicável,28.516.650/0001-03
,2018-06-30,1,,0.0,,,28.516.650/0001-03
,2018-09-30,1,,0.0,,,28.516.650/0001-03
,2018-12-31,1,,0.0,,,28.516.650/0001-03
,2018-03-31,1,Não Aplicavel,0.0,Não Aplicavel,Não Aplicavel,28.693.595/0001-27
,2018-06-30,1,,0.0,,,28.693.595/0001-27
,2018-09-30,1,,0.0,,,28.693.595/0001-27
,2018-12-31,1,,0.0,,,28.693.595/0001-27
,2020-03-31,1,Idea Empreendimentos SPE 11 Ltda,0.044143,Vendedor,18 meses de duração,03.683.056/0001-86
,2020-06-30,1,Idea Empreendimentos SPE 11 Ltda,0.044143,Vendedor,18 meses de duração a partir da aquisição,03.683.056/0001-86
,2020-09-30,1,Idea Empreendimentos SPE 11 Ltda,0.044143,Vendedor,18 meses de duração,03.683.056/0001-86
,2020-12-31,1,Idea Empreendimentos SPE 11 Ltda,0.044143,Vendedor,18 meses de duração,03.683.056/0001-86
,2020-06-30,1,"Torre Sucupira, Condomínio Parque da Cidade",0.0741,REC Sucupira PDC Empreendimentos S.A.,"36 meses até novembro de 2022. A REC Sucupira garantirá ao Fundo o complemento do aluguel pago pela locatária até o valor de R$ 100/m², acrescido do IPG-M.",08.924.783/0001-01
,2020-03-31,1,SPE HOLDING FAZENDA BOA VISTA LTDA.,0.01,JHSF PARTICIPAÇÕES S.A.,"A rentabilidade mínima mensal a ser garantida pelas Sociedades e pela JHSF ao Veículo de Investimento, nos termos das SCP, para que permita a este distribuir ao Fundo, após deduzidas todas as despesas aplicáveis, recursos suficientes para a distribuição de rendimentos aos Cotistas no montante correspondente à variação acumulada do IPCA/IBGE, acrescido de 1 % (um por cento) ao ano, calculada desde a última distribuição mensal de rendimentos até a efetiva data de distribuição de rendimentos do mês emquestão sobre o valor do Capital Investido.  Nos termos das SCP, estas deverão realizar pagamentos mensais ao Veículo de Investimento e/ou diretamente ao Fundo, em valor suficiente para que este último distribua aos seus Cotistas a Rentabilidade Mínima, sendo tal obrigação garantida pela fiança a ser prestada pelo Empreendedor no âmbito do Acordo de Investimento.",16.915.868/0001-51
,2020-06-30,1,SPE HOLDING FAZENDA BOA VISTA LTDA.,0.01,JHSF PARTICIPAÇÕES S.A.,"A rentabilidade mínima mensal a ser garantida pelas Sociedades e pela JHSF ao Veículo de Investimento, nos termos das SCP, para que permita a este distribuir ao Fundo, após deduzidas todas as despesas aplicáveis, recursos suficientes para a distribuição de rendimentos aos Cotistas no montante correspondente à variação acumulada do IPCA/IBGE, acrescido de 1 % (um por cento) ao ano, calculada desde a última distribuição mensal de rendimentos até a efetiva data de distribuição de rendimentos do mês emquestão sobre o valor do Capital Investido.  Nos termos das SCP, estas deverão realizar pagamentos mensais ao Veículo de Investimento e/ou diretamente ao Fundo, em valor suficiente para que este último distribua aos seus Cotistas a Rentabilidade Mínima, sendo tal obrigação garantida pela fiança a ser prestada pelo Empreendedor no âmbito do Acordo de Investimento.",16.915.868/0001-51
,2020-09-30,1,SPE HOLDING FAZENDA BOA VISTA LTDA.,0.01,JHSF PARTICIPAÇÕES S.A.,"A rentabilidade mínima mensal a ser garantida pelas Sociedades e pela JHSF ao Veículo de Investimento, nos termos das SCP, para que permita a este distribuir ao Fundo, após deduzidas todas as despesas aplicáveis, recursos suficientes para a distribuição de rendimentos aos Cotistas no montante correspondente à variação acumulada do IPCA/IBGE, acrescido de 1 % (um por cento) ao ano, calculada desde a última distribuição mensal de rendimentos até a efetiva data de distribuição de rendimentos do mês emquestão sobre o valor do Capital Investido.  Nos termos das SCP, estas deverão realizar pagamentos mensais ao Veículo de Investimento e/ou diretamente ao Fundo, em valor suficiente para que este último distribua aos seus Cotistas a Rentabilidade Mínima, sendo tal obrigação garantida pela fiança a ser prestada pelo Empreendedor no âmbito do Acordo de Investimento.",16.915.868/0001-51
,2020-12-31,1,SPE HOLDING FAZENDA BOA VISTA LTDA.,0.01,JHSF PARTICIPAÇÕES S.A.,"A rentabilidade mínima mensal a ser garantida pelas Sociedades e pela JHSF ao Veículo de Investimento, nos termos das SCP, para que permita a este distribuir ao Fundo, após deduzidas todas as despesas aplicáveis, recursos suficientes para a distribuição de rendimentos aos Cotistas no montante correspondente à variação acumulada do IPCA/IBGE, acrescido de 1 % (um por cento) ao ano, calculada desde a última distribuição mensal de rendimentos até a efetiva data de distribuição de rendimentos do mês emquestão sobre o valor do Capital Investido.  Nos termos das SCP, estas deverão realizar pagamentos mensais ao Veículo de Investimento e/ou diretamente ao Fundo, em valor suficiente para que este último distribua aos seus Cotistas a Rentabilidade Mínima, sendo tal obrigação garantida pela fiança a ser prestada pelo Empreendedor no âmbito do Acordo de Investimento.",16.915.868/0001-51
,2020-06-30,3,IMÓVEL CONASA,1.0,"Cia Aguas de Itapema, regime built to suit, fiador CONASA","Locação garantida fev16 a jul29, vl mensal R$ 177.754,85",18.369.510/0001-04
,2020-09-30,3,IMÓVEL CONASA,1.0,"Cia Aguas de Itapema, regime built to suit, fiador CONASA","Locação garantida fev16 a jul29, vl mensal R$ 177.754,85",18.369.510/0001-04
,2020-12-31,3,IMÓVEL CONASA,1.0,"Cia Aguas de Itapema, regime built to suit, fiador CONASA","Locação garantida fev16 a jul29, vl mensal R$ 177.754,85",18.369.510/0001-04
,2020-12-31,1,Edíficio River One,,,Retorno de 7% a.a. sobre o valor desembolsado durante 15 meses após assinatura da escritura,21.408.063/0001-51
,2020-06-30,2,Ed. Torre Sul,0.04,,R$ 5 Milhões depositado em conta garantia para pagamento de renda mínima mensal no prazo de 12 meses.,26.681.370/0001-25
,2020-09-30,1,Ed. Torre Sul,0.04,,R$ 5 Milhões depositado em conta garantia para pagamento de renda mínima mensal no prazo de 12 meses.,26.681.370/0001-25
,2020-12-31,1,Não há informação apresentada.,,,,27.538.422/0001-71
,2020-03-31,3,Imóvel Itapevi,0.1095,LPP EMPREENDIMENTOS,Garantia de renda de R$ 594.000.00 até dezembro de 2020.,30.629.603/0001-18
,2020-06-30,1,Imóvel Itapevi,0.1014,LPP EMPREENDIMENTOS,Garantia de renda de R$ 594.000.00 até dezembro de 2020,30.629.603/0001-18
,2020-06-30,1,The Cittyplex Osasco,0.0016666666666666,Helbor,"garantia Helbor no 1o ano e do fundo de complemento por 36 meses, para entregar o mínimo de 8% a.a. de dividend yield",30.871.698/0001-81
,2020-06-30,1,Condomínio Helbor Trilogy Home & Offices,0.0016666666666666,Helbor,"garantia Helbor no 1o ano e do fundo de complemento por 36 meses, para entregar o mínimo de 8% a.a. de dividend yield",30.871.698/0001-81
,2020-06-30,1,"Neolink Office, Mal & Stay",0.0016666666666666,Helbor,"garantia Helbor no 1o ano e do fundo de complemento por 36 meses, para entregar o mínimo de 8% a.a. de dividend yield",30.871.698/0001-81
,2020-06-30,1,One Eleven,0.0016666666666666,Helbor,"garantia Helbor no 1o ano e do fundo de complemento por 36 meses, para entregar o mínimo de 8% a.a. de dividend yield",30.871.698/0001-81
,2020-03-31,1,Ed. Birmann 20,0.388,Vendedores do imóvel,"Complemento de renda durante os primeiros 18 meses a contar da aquisição do imóvel, com objetivo de garantir a receita mensal de R$ 937.500,00.",31.894.369/0001-19
,2020-06-30,1,Ed. Birmann 20,0.388,Vendedores do imóvel,"Complemento de renda durante os primeiros 18 meses a contar da aquisição do imóvel, com objetivo de garantir a receita mensal de R$ 937.500,00.",31.894.369/0001-19
,2020-09-30,2,Ed. Birmann 20,0.388,Vendedores do imóvel,"Complemento de renda durante os primeiros 18 meses a contar da aquisição do imóvel, com objetivo de garantir a receita mensal de R$ 937.500,00.",31.894.369/0001-19
,2020-09-30,2,Ed. Morumbi,0.388,Vendedores do imóvel,"Complemento de renda durante os primeiros 24 meses a contar da aquisição do imóvel, com objetivo de garantir a receita mensal de R$ 726.380,56.",31.894.369/0001-19
,2020-12-31,1,Ed. Birmann 20,0.388,Vendedores do imóvel,"Complemento de renda durante os primeiros 18 meses a contar da aquisição do imóvel, com objetivo de garantir a receita mensal de R$ 937.500,00.",31.894.369/0001-19
,2020-12-31,1,Ed. Morumbi,0.388,Vendedores do imóvel,"Complemento de renda durante os primeiros 24 meses a contar da aquisição do imóvel, com objetivo de garantir a receita mensal de R$ 726.380,56.",31.894.369/0001-19
,2020-09-30,4,Ribeirão das Neves,0.17,Vendedor do imóvel,Pelo prazo de 18 meses a partir de agosto de 2020.,35.754.164/0001-99
,2020-12-31,2,Ribeirão das Neves,0.17,Vendedor do imóvel,Pelo prazo de 18 meses a partir de agosto de 2020.,35.754.164/0001-99
,2020-12-31,1,Urbic Sabia,0.0067,Vendedor,"O pagamento de renda garantida será sobre todos os valores efetivamente recebidos pelaVENDEDORA de acordo com as parcelas acordadas, durante o periodo de contrução",36.517.660/0001-91
,2020-12-31,1,Urbic Tomas Alves,0.0067,Vendedor,"O pagamento de renda garantida será sobre todos os valores efetivamente recebidos pelaVENDEDORA de acordo com as parcelas acordadas, durante o periodo de contrução",36.517.660/0001-91
,2020-12-31,1,Cyrela for you,0.0067,Vendedor,"O pagamento de renda garantida será sobre todos os valores efetivamente recebidos pelaVENDEDORA de acordo com as parcelas acordadas, durante o periodo de contrução",36.517.660/0001-91
12.005.956/0001-65,2025-03-31,1,Edifício Rochaverá - Torre Crystal,,LESATH EMPREENDIMENTOS E PARTICIPAÇÕES LTDA.,"Limitada a R$ 70.338.000,00 para compor a rentabilidade alvo do Fundo.",
42.869.869/0001-17,2025-03-31,1,Edifício Sompo Seguros,1.0,Sompo Seguros,"A Vendedora garantiu ao Fundo uma renda mínima garantida mensal equivalente a R$1.027.816,80 (um milhão, vinte e sete mil, oitocentos e dezesseis reais e oitenta centavos) (""RMG""), pelo prazo de 36 (trinta e seis) meses contados da lavratura da Escritura Definitiva (""Período de RMG"")",
45.188.099/0001-35,2025-03-31,1,Apartamento Duplex nº 4 - Condomínio Reboucinhas,0.05555,REBOUCINHAS 3600 EMPREENDIMENTOS IMOBILIÁRIOS SPE. LTDA.,"A RB 3600 garantirá ao FII TELLUS uma receita mensal média equivalente a R$ 45.000,00 (quarenta e cinco mil reais) para a Unidade Autônoma como um todo (""Renda Mínima Garantida Mensal""), durante um período de até 365 (trezentos e sessenta e cinco) dias contados da assinatura deste Instrumento (""Prazo RMG"").",
52.219.978/0001-42,2025-03-31,1,Alameda Santos,0.15,São Carlos Empreendimentos e Participações S.A.,"Limitada a R$ 93.000.000,00 para os  quatro imóveis  adquiridos para compor a rentabilidade alvo do Fundo.",
52.219.978/0001-42,2025-03-31,1,Corporate Plaza,0.15,São Carlos Empreendimentos e Participações S.A.,"Limitada a R$ 93.000.000,00 para os  quatro imóveis  adquiridos para compor a rentabilidade alvo do Fundo.",
52.219.978/0001-42,2025-03-31,1,Centro Empresarial Botafogo,0.15,São Carlos Empreendimentos e Participações S.A.,"Limitada a R$ 93.000.000,00 para os  quatro imóveis  adquiridos para compor a rentabilidade alvo do Fundo.",
52.219.978/0001-42,2025-03-31,1,Morumbi Office Tower,0.15,São Carlos Empreendimentos e Participações S.A.,"Limitada a R$ 93.000.000,00 para os  quatro imóveis  adquiridos para compor a rentabilidade alvo do Fundo.",
03.683.056/0001-86,2022-03-31,1,JK FINANCIAL CENTER,0.01896,Vendedor,18 meses de duração,
03.683.056/0001-86,2022-06-30,1,JK FINANCIAL CENTER,0.01896,Vendedor,18 meses de duração,
03.683.056/0001-86,2022-09-30,1,JK FINANCIAL CENTER,0.01896,Vendedor,18 meses de duração,
03.683.056/0001-86,2022-12-31,1,JK FINANCIAL CENTER,0.01896,Vendedor,18 meses de duração,
08.924.783/0001-01,2022-03-31,1,Sucupira,0.008776,REC Sucupira PDC Empreendimento,Aquisição de Imóveis,
08.924.783/0001-01,2022-06-30,1,Sucupira,0.008776,REC Sucupira PDC Empreendimento,Aquisição de Imóveis,
13.371.132/0001-71,2022-03-31,1,Torre Ebony e Marble,0.0725,,"Retorno de 7,25% sobre o valor investido por 10 anos limitado a 40 milhões de reais.",
13.371.132/0001-71,2022-06-30,1,Torre Ebony e Marble,0.0725,,"Retorno de 7,25% sobre o valor investido por 10 anos limitado a 40 milhões de reais.",
13.371.132/0001-71,2022-09-30,1,Torre Ebony e Marble,0.0725,,"Retorno de 7,25% sobre o valor investido por 10 anos limitado a 40 milhões de reais.",
13.371.132/0001-71,2022-12-31,1,Torre Ebony e Marble,0.0725,,"Retorno de 7,25% sobre o valor investido por 10 anos limitado a R$40 milhões.",
18.312.285/0001-61,2022-03-31,1,Edifício EZ Towers - TORRE B,0.004768,BR7 FIM CP,Aquisição de Imóveis,
32.892.018/0001-31,2022-03-31,1,SHOPPING PARALELA,,HSI V Real Estate FI em Participações - Multiestratégia.,"A estrutura garantirá 8% (oito por cento) do Preço ao ano por 3 (três) anos sem limite máximo de valor, o equivalente a uma Renda fixa no primeiro ano de R$ 34.617.697,00 (trinta e quatro milhões, seiscentos e dezessete mil seiscentos e noventa e sete reais). A partir do segundo e terceiro ano, o montante do primeiro ano será corrigido pela variação do IPCA no período.",
32.892.018/0001-31,2022-06-30,1,SHOPPING PARALELA,,HSI V Real Estate FI em Participações - Multiestratégia.,"A estrutura garantirá 8% (oito por cento) do Preço ao ano por 3 (três) anos sem limite máximo de valor, o equivalente a uma Renda fixa no primeiro ano de R$ 34.617.697,00 (trinta e quatro milhões, seiscentos e dezessete mil seiscentos e noventa e sete reais). A partir do segundo e terceiro ano, o montante do primeiro ano será corrigido pela variação do IPCA no período.",
32.892.018/0001-31,2022-09-30,1,SHOPPING PARALELA,,HSI V Real Estate FI em Participações - Multiestratégia.,"A estrutura garantirá 8% (oito por cento) do Preço ao ano por 3 (três) anos sem limite máximo de valor, o equivalente a uma Renda fixa no primeiro ano de R$ 34.617.697,00 (trinta e quatro milhões, seiscentos e dezessete mil seiscentos e noventa e sete reais). A partir do segundo e terceiro ano, o montante do primeiro ano será corrigido pela variação do IPCA no período.",
32.892.018/0001-31,2022-09-30,1,SHOPPING UBERABA,,Vendedoras do Imóvel,"A estrutura obrigam as vendedoras do imóvel, a garantir uma renda ao Comprador de modo a recompor o NOI do Shopping Uberaba no prazo de 24 meses, no valor de R$ 29.133.376,46 (vinte e nove milhões, cento e trinta e três mil, trezentos e setenta e seis reais e quarenta e seis centavos) por ano.",
32.892.018/0001-31,2022-12-31,1,SHOPPING PARALELA,,HSI V Real Estate FI em Participações - Multiestratégia.,"A estrutura garantirá 8% (oito por cento) do Preço ao ano por 3 (três) anos sem limite máximo de valor, o equivalente a uma Renda fixa no primeiro ano de R$ 34.617.697,00 (trinta e quatro milhões, seiscentos e dezessete mil seiscentos e noventa e sete reais). A partir do segundo e terceiro ano, o montante do primeiro ano será corrigido pela variação do IPCA no período.",
32.892.018/0001-31,2022-12-31,1,SHOPPING UBERABA,,Vendedoras do Imóvel,"A estrutura obrigam as vendedoras do imóvel, a garantir uma renda ao Comprador de modo a recompor o NOI do Shopping Uberaba no prazo de 24 meses, no valor de R$ 29.133.376,46 (vinte e nove milhões, cento e trinta e três mil, trezentos e setenta e seis reais e quarenta e seis centavos) por ano.",
32.903.702/0001-71,2022-03-31,1,Galpão Santo André,,HSI LOGÍSTICA FUNDO DE INVESTIMENTO IMOBILIÁRIO,"As Partes reconhecem, de forma expressa, que, apesar do valor nominal do aluguel (sempre pelo regime de competência) a partir de julho de 2022 ser de R$ 473.039,00 (quatrocentos e setenta e três mil e trinta e nove) (""Valor Nominal""), o valor a ser pago pelo Locatário será de R$ 390.903,99 (trezentos e noventa mil, novecentos e três reais e noventa e nove centavos) até dezembro de 2021 e R$ 430.070,44 (quatrocentos e trinta mil, setenta reais e quarenta e quatro centavos) entre janeiro de 2022 e junho de 2022. Assim, a diferença entre o Valor Nominal e o valor pago pelo Locatário até julho de 2022 será complementado mensalmente pelo VENDEDOR e por este pago ao COMPRADOR, em todo dia 15 de cada mês, com início em fevereiro/2022 e último pagamento em julho/2022 através de TED para a conta corrente de titularidade do COMPRADOR.",
32.903.702/0001-71,2022-06-30,1,Galpão Santo André,,HSI LOGÍSTICA FUNDO DE INVESTIMENTO IMOBILIÁRIO,"As Partes reconhecem, de forma expressa, que, apesar do valor nominal do aluguel (sempre pelo regime de competência) a partir de julho de 2022 ser de R$ 473.039,00 (quatrocentos e setenta e três mil e trinta e nove) (""Valor Nominal""), o valor a ser pago pelo Locatário será de R$ 390.903,99 (trezentos e noventa mil, novecentos e três reais e noventa e nove centavos) até dezembro de 2021 e R$ 430.070,44 (quatrocentos e trinta mil, setenta reais e quarenta e quatro centavos) entre janeiro de 2022 e junho de 2022. Assim, a diferença entre o Valor Nominal e o valor pago pelo Locatário até julho de 2022 será complementado mensalmente pelo VENDEDOR e por este pago ao COMPRADOR, em todo dia 15 de cada mês, com início em fevereiro/2022 e último pagamento em julho/2022 através de TED para a conta corrente de titularidade do COMPRADOR.",
32.903.702/0001-71,2022-09-30,1,Galpão Santo André,,HSI LOGÍSTICA FUNDO DE INVESTIMENTO IMOBILIÁRIO,"As Partes reconhecem, de forma expressa, que, apesar do valor nominal do aluguel (sempre pelo regime de competência) a partir de julho de 2022 ser de R$ 473.039,00 (quatrocentos e setenta e três mil e trinta e nove) (""Valor Nominal""), o valor a ser pago pelo Locatário será de R$ 390.903,99 (trezentos e noventa mil, novecentos e três reais e noventa e nove centavos) até dezembro de 2021 e R$ 430.070,44 (quatrocentos e trinta mil, setenta reais e quarenta e quatro centavos) entre janeiro de 2022 e junho de 2022. Assim, a diferença entre o Valor Nominal e o valor pago pelo Locatário até julho de 2022 será complementado mensalmente pelo VENDEDOR e por este pago ao COMPRADOR, em todo dia 15 de cada mês, com início em fevereiro/2022 e último pagamento em julho/2022 através de TED para a conta corrente de titularidade do COMPRADOR.",
35.652.102/0001-76,2022-03-31,1,Union Faria Lima,1.0,Dublin Empreendimento Imobiliário SPE S/A,Imóvel ainda em construção com 100% de renda garantida pelo vendedor proporcional à participação de 50% do VBI Prime FII na posse do imóvel.,
35.652.102/0001-76,2022-03-31,1,Complexo JK - Torre B,1.0,BR Properties,Imóvel pronto com 100% de renda garantida pelo vendedor proporcional à participação de 20% do VBI Prime FII na posse do imóvel.,
35.652.102/0001-76,2022-09-30,1,Union Faria Lima,1.0,Dublin Empreendimento Imobiliário SPE S/A,Imóvel ainda em construção com 100% de renda garantida pelo vendedor proporcional à participação de 50% do VBI Prime FII na posse do imóvel.,
35.652.102/0001-76,2022-09-30,1,Complexo JK - Torre B,1.0,BR Properties S.A.,Imóvel pronto com 100% de renda garantida pelo vendedor proporcional à participação de 20% do VBI Prime FII na posse do imóvel.,
35.754.164/0001-99,2022-03-31,1,Ribeirão das Neves,0.17,Vendedor do imóvel,Pelo prazo de 18 meses a partir de agosto de 2020.,
35.754.164/0001-99,2022-09-30,1,Ribeirão das Neves,0.17,Vendedor do imóvel,Pelo prazo de 18 meses a partir de agosto de 2020.,
35.754.164/0001-99,2022-12-31,1,Ribeirão das Neves,0.17,Vendedor do imóvel,Pelo prazo de 18 meses a partir de agosto de 2020.,
36.200.677/0001-10,2022-03-31,1,DCB - Distribution Center Barueri,0.081171,DISTRIBUTION CENTER BARUERI EMPREENDIMENTOS IMOBILIARIOS S.A,"Receita de locação, condomínio e IPTU (e Foro, quando aplicável) de áreas vagas na data da aquisição. Por até 24 meses e após aquisição para determinados eventos. % garantido relativo = receita garantida / receita total",
36.200.677/0001-10,2022-03-31,1,DCC - Distribution Center Cajamar,0.160555,BREF IIII FIP MULTIESTRATÉGIA,"Receita de locação, condomínio e IPTU (e Foro, quando aplicável) de áreas vagas na data da aquisição. Por até 24 meses e após aquisição para determinados eventos. % garantido relativo = receita garantida / receita total",
36.200.677/0001-10,2022-03-31,1,DCR - Distribution Center Rodoanel,0.00418,SANCA GTIS EMBU II EMPREENDIMENTOS LTDA.,"Receita de locação, condomínio e IPTU (e Foro, quando aplicável) de áreas vagas na data da aquisição. Por até 24 meses e após aquisição para determinados eventos. % garantido relativo = receita garantida / receita total",
36.200.677/0001-10,2022-03-31,1,CLE - Centro Logísntico Embu,0.205978,SANCA GTIS EMBU EMPREENDIMENTOS LTDA.,"Receita de locação, condomínio e IPTU (e Foro, quando aplicável) de áreas vagas na data da aquisição. Por até 24 meses e após aquisição para determinados eventos. % garantido relativo = receita garantida / receita total",
36.200.677/0001-10,2022-06-30,1,DCB - Distribution Center Barueri,0.048532,DISTRIBUTION CENTER BARUERI EMPREENDIMENTOS IMOBILIARIOS S.A,"Descontos concedidos em determinados contratos de locação até termino dos descontos, julho de 2023, e valor variavel mensal até outubro de 2023. % garantido relativo = receita garantida (imovel) / receita total (imovel).",
36.200.677/0001-10,2022-06-30,1,DCC - Distribution Center Cajamar,0.081389,BREF IIII FIP MULTIESTRATÉGIA,"Receita de locação, condomínio e IPTU (e Foro, quando aplicável) de áreas vagas na data da aquisição, até outubro de 2023 e valor variável mensal até outubro de 2023. % garantido relativo = receita garantida (imóvel) / receita total (imóvel).",
36.200.677/0001-10,2022-06-30,1,DCR - Distribution Center Rodoanel,0.00306,SANCA GTIS EMBU II EMPREENDIMENTOS LTDA.,Valor variável mensal até outubro de 2023 .% garantido relativo = receita garantida (imóvel) / receita total (imóvel).,
36.200.677/0001-10,2022-06-30,1,CLE - Centro Logísntico Embu,0.189021,SANCA GTIS EMBU EMPREENDIMENTOS LTDA.,"Receita de locação, condomínio e IPTU (e Foro, quando aplicável) de áreas vagas na data da aquisição, até outubro de 2022, e valor variável mensal até outubro de 2023. % garantido relativo = receita garantida (imóvel) / receita total (imóvel).",
36.200.677/0001-10,2022-09-30,1,DCB - Distribution Center Barueri,0.049017,DISTRIBUTION CENTER BARUERI EMPREENDIMENTOS IMOBILIARIOS S.A,"Descontos concedidos em determinados contratos de locação até término dos descontos, julho de 2023, e valor variável mensal até outubro de 2023. % garantido relativo = receita garantida (imóvel) / receita total (imóvel)",
36.200.677/0001-10,2022-09-30,1,DCC - Distribution Center Cajamar,0.079112,BREF IIII FIP MULTIESTRATÉGIA,"Receita de locação, condomínio e IPTU (e Foro, quando aplicável) de áreas vagas na data da aquisição, até outubro de 2023 e valor variável mensal até outubro de 2023. % garantido relativo = receita garantida (imóvel) / receita total (imóvel)",
36.200.677/0001-10,2022-09-30,1,DCR - Distribution Center Rodoanel,0.009227,SANCA GTIS EMBU II EMPREENDIMENTOS LTDA.,Valor variável mensal até outubro de 2023 .% garantido relativo = receita garantida (imóvel) / receita total (imóvel),
36.200.677/0001-10,2022-09-30,1,CLE - Centro Logísntico Embu,0.201221,SANCA GTIS EMBU EMPREENDIMENTOS LTDA.,"Receita de locação, condomínio e IPTU (e Foro, quando aplicável) de áreas vagas na data da aquisição, até outubro de 2022, e valor variável mensal até outubro de 2023. % garantido relativo = receita garantida (imóvel) / receita total (imóvel)",
36.200.677/0001-10,2022-12-31,2,DCB - Distribution Center Barueri,0.049017,DISTRIBUTION CENTER BARUERI EMPREENDIMENTOS IMOBILIARIOS S.A,"Descontos concedidos em determinados contratos de locação até término dos descontos, julho de 2023, e valor variável mensal até outubro de 2023. % garantido relativo = receita garantida (imóvel) / receita total (imóvel)",
36.200.677/0001-10,2022-12-31,2,DCC - Distribution Center Cajamar,0.041432,BREF IIII FIP MULTIESTRATÉGIA,"Receita de locação, condomínio e IPTU (e Foro, quando aplicável) de áreas vagas na data da aquisição, até outubro de 2023 e valor variável mensal até outubro de 2023. % garantido relativo = receita garantida (imóvel) / receita total (imóvel)",
36.200.677/0001-10,2022-12-31,2,DCR - Distribution Center Rodoanel,0.008881,SANCA GTIS EMBU II EMPREENDIMENTOS LTDA.,Valor variável mensal até outubro de 2023 .% garantido relativo = receita garantida (imóvel) / receita total (imóvel),
36.200.677/0001-10,2022-12-31,2,CLE - Centro Logísntico Embu,0.043066,SANCA GTIS EMBU EMPREENDIMENTOS LTDA.,"Receita de locação, condomínio e IPTU (e Foro, quando aplicável) de áreas vagas na data da aquisição, até outubro de 2022, e valor variável mensal até outubro de 2023. % garantido relativo = receita garantida (imóvel) / receita total (imóvel)",
36.517.660/0001-91,2022-03-31,1,Urbic Sabia,0.0067,Vendedor,"O pagamento de renda garantida será sobre todos os valores efetivamente recebidos pelaVENDEDORA de acordo com as parcelas acordadas, durante o periodo de contrução",
36.517.660/0001-91,2022-03-31,1,Cyrela for you,0.0067,Vendedor,"O pagamento de renda garantida será sobre todos os valores efetivamente recebidos pelaVENDEDORA de acordo com as parcelas acordadas, durante o periodo de contrução",
36.517.660/0001-91,2022-06-30,1,Urbic Sabia,0.0067,Vendedor,"O pagamento de renda garantida será sobre todos os valores efetivamente recebidos pela VENDEDORA de acordo com as parcelas acordadas, durante o periodo de construção.",
36.517.660/0001-91,2022-06-30,1,Cyrela for you,0.0067,Vendedor,"O pagamento de renda garantida será sobre todos os valores efetivamente recebidos pela VENDEDORA de acordo com as parcelas acordadas, durante o periodo de construção.",
36.517.660/0001-91,2022-09-30,1,Urbic Sabia,0.0067,Vendedor,"O pagamento de renda garantida será sobre todos os valores efetivamente recebidos pela VENDEDORA de acordo com as parcelas acordadas, durante o periodo de construção.",
36.517.660/0001-91,2022-09-30,1,Cyrela for you,0.0067,Vendedor,"O pagamento de renda garantida será sobre todos os valores efetivamente recebidos pela VENDEDORA de acordo com as parcelas acordadas, durante o periodo de construção.",
36.517.660/0001-91,2022-12-31,1,Cyrela for you,0.0067,Vendedor,"O pagamento de renda garantida será sobre todos os valores efetivamente recebidos pela VENDEDORA de acordo com as parcelas acordadas, durante o periodo de construção.",
38.294.086/0001-85,2022-03-31,1,Complexo Rochaverá - Torres A & B,0.009756,Mirae Asset Maps Asia Pacific Real Estate,Aquisição de Imóveis,
42.869.869/0001-17,2022-12-31,1,Edifício Sompo Seguros,1.0,Sompo Seguros,"A Vendedora garantiu ao Fundo uma renda mínima garantida mensal equivalente a R$1.027.816,80 (um milhão, vinte e sete mil, oitocentos e dezesseis reais e oitenta centavos) (""RMG""), pelo prazo de 36 (trinta e seis) meses contados da lavratura da Escritura Definitiva (""Período de RMG"")",
03.683.056/0001-86,2023-03-31,1,JK FINANCIAL CENTER,0.01896,Vendedor,18 meses de duração,
03.683.056/0001-86,2023-06-30,1,JK FINANCIAL CENTER,0.01896,Vendedor,18 meses de duração,
03.683.056/0001-86,2023-09-30,1,JK FINANCIAL CENTER,0.01896,Vendedor,18 meses de duração,
12.927.767/0001-40,2023-09-29,1,Não possui informação apresentada,0.0,,,
13.371.132/0001-71,2023-03-31,1,Torre Ebony e Marble,0.0725,,"Retorno de 7,25% sobre o valor investido por 10 anos limitado a R$40 milhões.",
17.098.794/0001-70,2023-09-29,1,Não possui informação apresentada.,,,,
32.892.018/0001-31,2023-03-31,1,SHOPPING PARALELA,,HSI V Real Estate FI em Participações - Multiestratégia.,"A estrutura garantirá 8% (oito por cento) do Preço ao ano por 3 (três) anos sem limite máximo de valor, o equivalente a uma Renda fixa no primeiro ano de R$ 34.617.697,00 (trinta e quatro milhões, seiscentos e dezessete mil seiscentos e noventa e sete reais). A partir do segundo e terceiro ano, o montante do primeiro ano será corrigido pela variação do IPCA no período.",
32.892.018/0001-31,2023-03-31,1,SHOPPING UBERABA,,Vendedoras do Imóvel,"A estrutura obrigam as vendedoras do imóvel, a garantir uma renda ao Comprador de modo a recompor o NOI do Shopping Uberaba no prazo de 24 meses, no valor de R$ 29.133.376,46 (vinte e nove milhões, cento e trinta e três mil, trezentos e setenta e seis reais e quarenta e seis centavos) por ano.",
32.892.018/0001-31,2023-06-30,1,SHOPPING PARALELA,,HSI V Real Estate FI em Participações - Multiestratégia.,"A estrutura garantirá 8% (oito por cento) do Preço ao ano por 3 (três) anos sem limite máximo de valor, o equivalente a uma Renda fixa no primeiro ano de R$ 34.617.697,00 (trinta e quatro milhões, seiscentos e dezessete mil seiscentos e noventa e sete reais). A partir do segundo e terceiro ano, o montante do primeiro ano será corrigido pela variação do IPCA no período.",
32.892.018/0001-31,2023-06-30,1,SHOPPING UBERABA,,Vendedoras do Imóvel,"A estrutura obrigam as vendedoras do imóvel, a garantir uma renda ao Comprador de modo a recompor o NOI do Shopping Uberaba no prazo de 24 meses, no valor de R$ 29.133.376,46 (vinte e nove milhões, cento e trinta e três mil, trezentos e setenta e seis reais e quarenta e seis centavos) por ano.",
32.892.018/0001-31,2023-09-30,1,SHOPPING PARALELA,,HSI V Real Estate FI em Participações - Multiestratégia.,"A estrutura garantirá 8% (oito por cento) do Preço ao ano por 3 (três) anos sem limite máximo de valor, o equivalente a uma Renda fixa no primeiro ano de R$ 34.617.697,00 (trinta e quatro milhões, seiscentos e dezessete mil seiscentos e noventa e sete reais). A partir do segundo e terceiro ano, o montante do primeiro ano será corrigido pela variação do IPCA no período.",
32.892.018/0001-31,2023-09-30,1,SHOPPING UBERABA,,Vendedoras do Imóvel,"A estrutura obrigam as vendedoras do imóvel, a garantir uma renda ao Comprador de modo a recompor o NOI do Shopping Uberaba no prazo de 24 meses, no valor de R$ 29.133.376,46 (vinte e nove milhões, cento e trinta e três mil, trezentos e setenta e seis reais e quarenta e seis centavos) por ano.",
32.892.018/0001-31,2023-12-31,1,SHOPPING PARALELA,,HSI V Real Estate FI em Participações - Multiestratégia.,"A estrutura garantirá 8% (oito por cento) do Preço ao ano por 3 (três) anos sem limite máximo de valor, o equivalente a uma Renda fixa no primeiro ano de R$ 34.617.697,00 (trinta e quatro milhões, seiscentos e dezessete mil seiscentos e noventa e sete reais). A partir do segundo e terceiro ano, o montante do primeiro ano será corrigido pela variação do IPCA no período.",
32.892.018/0001-31,2023-12-31,1,SHOPPING UBERABA,,Vendedoras do Imóvel,"A estrutura obrigam as vendedoras do imóvel, a garantir uma renda ao Comprador de modo a recompor o NOI do Shopping Uberaba no prazo de 24 meses, no valor de R$ 29.133.376,46 (vinte e nove milhões, cento e trinta e três mil, trezentos e setenta e seis reais e quarenta e seis centavos) por ano.",
36.200.677/0001-10,2023-03-31,2,DCB - Distribution Center Barueri,0.048512,DISTRIBUTION CENTER BARUERI EMPREENDIMENTOS IMOBILIARIOS S.A,"Descontos concedidos em determinados contratos de locação até término dos descontos, julho de 2024, e valor variável mensal até outubro de 2023. % garantido relativo = receita garantida (imóvel) / receita total (imóvel)",
36.200.677/0001-10,2023-03-31,2,DCR - Distribution Center Rodoanel,0.002769,SANCA GTIS EMBU II EMPREENDIMENTOS LTDA.,Valor variável mensal até outubro de 2023 .% garantido relativo = receita garantida (imóvel) / receita total (imóvel),
36.200.677/0001-10,2023-03-31,2,CLE - Centro Logísntico Embu,0.010184,SANCA GTIS EMBU EMPREENDIMENTOS LTDA.,"Receita de locação, condomínio e IPTU (e Foro, quando aplicável) de áreas vagas na data da aquisição, até outubro de 2022, e valor variável mensal até outubro de 2023. % garantido relativo = receita garantida (imóvel) / receita total (imóvel)",
36.200.677/0001-10,2023-06-30,1,DCB - Distribution Center Barueri,0.049454,DISTRIBUTION CENTER BARUERI EMPREENDIMENTOS IMOBILIARIOS S.A,"Descontos concedidos em determinados contratos de locação até término dos descontos, julho de 2024, e valor variável mensal até outubro de 2023. % garantido relativo = receita garantida (imóvel) / receita total (imóvel)",
36.200.677/0001-10,2023-06-30,1,CLE - Centro Logísntico Embu,0.010164,SANCA GTIS EMBU EMPREENDIMENTOS LTDA.,"Receita de locação, condomínio e IPTU (e Foro, quando aplicável) de áreas vagas na data da aquisição, até outubro de 2022, e valor variável mensal até outubro de 2023. % garantido relativo = receita garantida (imóvel) / receita total (imóvel)",
36.517.660/0001-91,2023-03-31,1,Cyrela for you,0.0067,Vendedor,"O pagamento de renda garantida será sobre todos os valores efetivamente recebidos pela VENDEDORA de acordo com as parcelas acordadas, durante o periodo de construção.",
36.517.660/0001-91,2023-06-30,1,Cyrela for you,0.0067,Vendedor,"O pagamento de renda garantida será sobre todos os valores efetivamente recebidos pela VENDEDORA de acordo com as parcelas acordadas, durante o periodo de construção.",
36.517.660/0001-91,2023-09-30,1,Cyrela for you,0.0067,Vendedor,"O pagamento de renda garantida será sobre todos os valores efetivamente recebidos pela VENDEDORA de acordo com as parcelas acordadas, durante o periodo de construção.",
36.517.660/0001-91,2023-12-31,1,Cyrela for you,0.0067,Vendedor,"O pagamento de renda garantida será sobre todos os valores efetivamente recebidos pela VENDEDORA de acordo com as parcelas acordadas, durante o periodo de construção.",
36.930.464/0001-44,2023-03-31,1,Condomínio Logístico Cariacica 01,0.132684,CLCR1 EMPREENDIMENTOS IMOBILIARIOS S.A.,"Será garantida a rentabilidade da área vaga do galpão 1A, pelo valor de R$20,00/m² pelo prazo de 12 meses a partir da competência de março/23, inclusive.",
36.930.464/0001-44,2023-06-30,1,Condomínio Logístico Cariacica 01,0.132684,CLCR1 EMPREENDIMENTOS IMOBILIARIOS S.A.,"Será garantida a rentabilidade da área vaga do galpão 1A, pelo valor de R$20,00/m² pelo prazo de 12 meses a partir da competência de março/23, inclusive.",
36.930.464/0001-44,2023-09-29,1,Condomínio Logístico Cariacica 01,0.132684,CLCR1 EMPREENDIMENTOS IMOBILIARIOS S.A.,"Será garantida a rentabilidade da área vaga do galpão 1A, pelo valor de R$20,00/m² pelo prazo de 12 meses a partir da competência de março/23, inclusive.",
36.930.464/0001-44,2023-12-31,1,Condomínio Logístico Cariacica 01,0.132684,CLCR1 EMPREENDIMENTOS IMOBILIARIOS S.A.,"Será garantida a rentabilidade da área vaga do galpão 1A, pelo valor de R$20,00/m² pelo prazo de 12 meses a partir da competência de março/23, inclusive.",
42.869.869/0001-17,2023-03-31,1,Edifício Sompo Seguros,1.0,Sompo Seguros,"A Vendedora garantiu ao Fundo uma renda mínima garantida mensal equivalente a R$1.027.816,80 (um milhão, vinte e sete mil, oitocentos e dezesseis reais e oitenta centavos) (""RMG""), pelo prazo de 36 (trinta e seis) meses contados da lavratura da Escritura Definitiva (""Período de RMG"")",
42.869.869/0001-17,2023-06-30,1,Edifício Sompo Seguros,1.0,Sompo Seguros,"A Vendedora garantiu ao Fundo uma renda mínima garantida mensal equivalente a R$1.027.816,80 (um milhão, vinte e sete mil, oitocentos e dezesseis reais e oitenta centavos) (""RMG""), pelo prazo de 36 (trinta e seis) meses contados da lavratura da Escritura Definitiva (""Período de RMG"")",
42.869.869/0001-17,2023-09-30,1,Edifício Sompo Seguros,1.0,Sompo Seguros,"A Vendedora garantiu ao Fundo uma renda mínima garantida mensal equivalente a R$1.027.816,80 (um milhão, vinte e sete mil, oitocentos e dezesseis reais e oitenta centavos) (""RMG""), pelo prazo de 36 (trinta e seis) meses contados da lavratura da Escritura Definitiva (""Período de RMG"")",
42.869.869/0001-17,2023-12-31,1,Edifício Sompo Seguros,1.0,Sompo Seguros,"A Vendedora garantiu ao Fundo uma renda mínima garantida mensal equivalente a R$1.027.816,80 (um milhão, vinte e sete mil, oitocentos e dezesseis reais e oitenta centavos) (""RMG""), pelo prazo de 36 (trinta e seis) meses contados da lavratura da Escritura Definitiva (""Período de RMG"")",
43.010.844/0001-26,2023-03-31,1,Hotel Selina,1.0,Gamaro,"Garantia por 36 meses desde a efetiva aquisição do ativo, tendo valor médio mensal garantido no perído de R$200.000,00 que cobre tanto risco de inadimplência e quanto vacância.",
43.010.844/0001-26,2023-06-30,1,Hotel Selina,1.0,Gamaro,"Garantia por 36 (trinta e seis) meses desde a efetiva aquisição do ativo, tendo o valor médio mensal garantido no período de R$ 200.000,00, que cobre tanto risco de inadimplência quanto de vacância.",
43.010.844/0001-26,2023-09-30,1,Hotel Selina,1.0,Gamaro,"Garantia por 36 meses desde a efetiva aquisição do ativo, tendo valor médio mensal garantido no perído de R$200.000,00 que cobre tanto risco de inadimplência e quanto vacância.",
43.010.844/0001-26,2023-12-31,2,Hotel Selina,1.0,Gamaro,"Garantia por 36 meses desde a efetiva aquisição do ativo, tendo valor médio mensal garantido no perído de R$200.000,00 que cobre tanto risco de inadimplência e quanto vacância",
52.219.978/0001-42,2023-12-29,1,Alameda Santos,0.15,São Carlos Empreendimentos e Participações S.A.,"Renda Mínima Garantida limitada a R$ 93.000.000,00 para os  quatro imóveis  adquiridos para compor a rentabilidade alvo do Fundo.",
52.219.978/0001-42,2023-12-29,1,Corporate Plaza,0.15,São Carlos Empreendimentos e Participações S.A.,"Renda Mínima Garantida limitada a R$ 93.000.000,00 para os  quatro imóveis  adquiridos para compor a rentabilidade alvo do Fundo.",
52.219.978/0001-42,2023-12-29,1,Centro Empresarial Botafogo,0.15,São Carlos Empreendimentos e Participações S.A.,"Renda Mínima Garantida limitada a R$ 93.000.000,00 para os  quatro imóveis  adquiridos para compor a rentabilidade alvo do Fundo.",
52.219.978/0001-42,2023-12-29,1,Morumbi Office Tower,0.15,São Carlos Empreendimentos e Participações S.A.,"Renda Mínima Garantida limitada a R$ 93.000.000,00 para os  quatro imóveis  adquiridos para compor a rentabilidade alvo do Fundo.",
12.005.956/0001-65,2024-09-30,1,Edifício Rochaverá - Torre Crystal,,LESATH EMPREENDIMENTOS E PARTICIPAÇÕES LTDA.,"Limitada a R$ 70.338.000,00 para compor a rentabilidade alvo do Fundo.",
12.005.956/0001-65,2024-12-31,1,Edifício Rochaverá - Torre Crystal,,LESATH EMPREENDIMENTOS E PARTICIPAÇÕES LTDA.,"Limitada a R$ 70.338.000,00 para compor a rentabilidade alvo do Fundo.",
19.722.048/0001-31,2024-03-31,1,Não possui informação apresentada.,,,,
19.722.048/0001-31,2024-06-30,2,Não possui informação apresentada.,,,,
19.722.048/0001-31,2024-09-30,2,Não possui informação apresentada.,,,,
19.722.048/0001-31,2024-12-31,1,Não possui informação apresentada.,,,,
24.796.967/0001-90,2024-03-31,1,Não possui informação apresentada.,,,,
24.796.967/0001-90,2024-06-30,2,Não possui informação apresentada.,,,,
24.796.967/0001-90,2024-09-30,1,Não possui informação apresentada.,,,,
24.796.967/0001-90,2024-12-31,1,Não possui informação apresentada.,,,,
32.892.018/0001-31,2024-03-31,1,SHOPPING PARALELA,,HSI V Real Estate FI em Participações - Multiestratégia.,"A estrutura garantirá 8% (oito por cento) do Preço ao ano por 3 (três) anos sem limite máximo de valor, o equivalente a uma Renda fixa no primeiro ano de R$ 34.617.697,00 (trinta e quatro milhões, seiscentos e dezessete mil seiscentos e noventa e sete reais). A partir do segundo e terceiro ano, o montante do primeiro ano será corrigido pela variação do IPCA no período.",
32.892.018/0001-31,2024-03-31,1,SHOPPING UBERABA,,Vendedoras do Imóvel,"A estrutura obrigam as vendedoras do imóvel, a garantir uma renda ao Comprador de modo a recompor o NOI do Shopping Uberaba no prazo de 24 meses, no valor de R$ 29.133.376,46 (vinte e nove milhões, cento e trinta e três mil, trezentos e setenta e seis reais e quarenta e seis centavos) por ano.",
32.892.018/0001-31,2024-06-30,1,SHOPPING PARALELA,,HSI V Real Estate FI em Participações - Multiestratégia.,"A estrutura garantirá 8% (oito por cento) do Preço ao ano por 3 (três) anos sem limite máximo de valor, o equivalente a uma Renda fixa no primeiro ano de R$ 34.617.697,00 (trinta e quatro milhões, seiscentos e dezessete mil seiscentos e noventa e sete reais). A partir do segundo e terceiro ano, o montante do primeiro ano será corrigido pela variação do IPCA no período.",
32.892.018/0001-31,2024-06-30,1,SHOPPING UBERABA,,Vendedoras do Imóvel,"A estrutura obrigam as vendedoras do imóvel, a garantir uma renda ao Comprador de modo a recompor o NOI do Shopping Uberaba no prazo de 24 meses, no valor de R$ 29.133.376,46 (vinte e nove milhões, cento e trinta e três mil, trezentos e setenta e seis reais e quarenta e seis centavos) por ano.",
32.892.018/0001-31,2024-09-30,1,SHOPPING PARALELA,,HSI V Real Estate FI em Participações - Multiestratégia.,"A estrutura garantirá 8% (oito por cento) do Preço ao ano por 3 (três) anos sem limite máximo de valor, o equivalente a uma Renda fixa no primeiro ano de R$ 34.617.697,00 (trinta e quatro milhões, seiscentos e dezessete mil seiscentos e noventa e sete reais). A partir do segundo e terceiro ano, o montante do primeiro ano será corrigido pela variação do IPCA no período.",
32.892.018/0001-31,2024-09-30,1,SHOPPING UBERABA,,Vendedoras do Imóvel,"A estrutura obrigam as vendedoras do imóvel, a garantir uma renda ao Comprador de modo a recompor o NOI do Shopping Uberaba no prazo de 24 meses, no valor de R$ 29.133.376,46 (vinte e nove milhões, cento e trinta e três mil, trezentos e setenta e seis reais e quarenta e seis centavos) por ano.",
32.892.018/0001-31,2024-12-31,1,SHOPPING PARALELA,,HSI V Real Estate FI em Participações - Multiestratégia.,"A estrutura garantirá 8% (oito por cento) do Preço ao ano por 3 (três) anos sem limite máximo de valor, o equivalente a uma Renda fixa no primeiro ano de R$ 34.617.697,00 (trinta e quatro milhões, seiscentos e dezessete mil seiscentos e noventa e sete reais). A partir do segundo e terceiro ano, o montante do primeiro ano será corrigido pela variação do IPCA no período.",
32.892.018/0001-31,2024-12-31,1,SHOPPING UBERABA,,Vendedoras do Imóvel,"A estrutura obrigam as vendedoras do imóvel, a garantir uma renda ao Comprador de modo a recompor o NOI do Shopping Uberaba no prazo de 24 meses, no valor de R$ 29.133.376,46 (vinte e nove milhões, cento e trinta e três mil, trezentos e setenta e seis reais e quarenta e seis centavos) por ano.",
35.652.102/0001-76,2024-03-31,2,Union Faria Lima,1.0,Dublin Empreendimento Imobiliário SPE S.A.,"Renda mínima garantida vigente até outubro de 2024 (12 meses após o habite-se, que ocorreu em outubro/2023).",
35.652.102/0001-76,2024-03-31,2,Empreendimento The One,0.4,Hedge Investiments,"Renda mínima garantida vigente por até 36 meses a contar de 22/12/2023, ou até o esgotamento dos recursos previstos a título de Renda Mínima, o que ocorrer primeiro.",
35.652.102/0001-76,2024-03-31,2,Vera Cruz,0.16,Vera Cruz II Desenvolvimento Imobiliário SPE LTDA.,Renda mínima garantida vigente por 24 meses a contar de 02/01/2024.,
35.652.102/0001-76,2024-06-30,1,Union Faria Lima,1.0,Dublin Empreendimento Imobiliário SPE S.A.,"Renda mínima garantida vigente até outubro de 2024 (12 meses após o habite-se, que ocorreu em outubro/2023).",
35.652.102/0001-76,2024-06-30,1,Condomínio The One,0.3791,Hedge Investiments,"Renda mínima garantida vigente por até 36 meses a contar de 22/12/2023, ou até o esgotamento dos recursos previstos a título de Renda Mínima, o que ocorrer primeiro.",
35.652.102/0001-76,2024-06-30,1,Vera Cruz,0.1337,Vera Cruz II Desenvolvimento Imobiliário SPE LTDA.,Renda mínima garantida vigente por 24 meses a contar de 02/01/2024.,
35.652.102/0001-76,2024-06-30,1,Cidade Jardim,0.09,Ed. Cidade Jardim SPE LTDA,Renda mínima garantida a ser paga em até 18 meses a contar de 07/06/2024,
35.652.102/0001-76,2024-09-30,1,Union Faria Lima,0.9874,Dublin Empreendimento Imobiliário SPE S.A.,"Renda mínima garantida vigente até outubro de 2024 (12 meses após o habite-se, que ocorreu em outubro/2023).",
35.652.102/0001-76,2024-09-30,1,The One,0.4502,Hedge Investiments,"Renda mínima garantida vigente por até 36 meses a contar de 22/12/2023, ou até o esgotamento dos recursos previstos a título de Renda Mínima, o que ocorrer primeiro.",
35.652.102/0001-76,2024-09-30,1,Vera Cruz,0.1415,Vera Cruz II Desenvolvimento Imobiliário SPE LTDA,Renda mínima garantida vigente por 24 meses a contar de 02/01/2024.,
35.652.102/0001-76,2024-09-30,1,Cidade Jardim,0.0868,Ed. Cidade Jardim SPE LTDA,Renda mínima garantida a ser paga em até 18 meses a contar de 07/06/2024,
35.652.102/0001-76,2024-12-31,1,The One,0.188,Hedge Investiments,"Renda mínima garantida vigente por até 36 meses a contar de 22/12/2023, ou até o esgotamento dos recursos previstos a título de Renda Mínima, o que ocorrer primeiro.",
35.652.102/0001-76,2024-12-31,1,Vera Cruz,0.1435,Vera Cruz II Desenvolvimento Imobiliário SPE LTDA,Renda mínima garantida vigente por 24 meses a contar de 02/01/2024.,
35.652.102/0001-76,2024-12-31,1,Cidade Jardim,0.0744,Ed. Cidade Jardim SPE LTDA,Renda mínima garantida a ser paga em até 18 meses a contar de 07/06/2024,
40.054.838/0001-82,2024-03-31,1,Não possui informação apresentada.,,,,
40.054.838/0001-82,2024-06-30,2,Não possui informação apresentada.,,,,
40.054.838/0001-82,2024-09-30,1,Não possui informação apresentada.,,,,
40.054.838/0001-82,2024-12-31,1,Não possui informação apresentada.,,,,
42.869.869/0001-17,2024-03-31,1,Edifício Sompo Seguros,1.0,Sompo Seguros,"A Vendedora garantiu ao Fundo uma renda mínima garantida mensal equivalente a R$1.027.816,80 (um milhão, vinte e sete mil, oitocentos e dezesseis reais e oitenta centavos) (""RMG""), pelo prazo de 36 (trinta e seis) meses contados da lavratura da Escritura Definitiva (""Período de RMG"")",
42.869.869/0001-17,2024-06-30,1,Edifício Sompo Seguros,1.0,Sompo Seguros,"A Vendedora garantiu ao Fundo uma renda mínima garantida mensal equivalente a R$1.027.816,80 (um milhão, vinte e sete mil, oitocentos e dezesseis reais e oitenta centavos) (""RMG""), pelo prazo de 36 (trinta e seis) meses contados da lavratura da Escritura Definitiva (""Período de RMG"")",
42.869.869/0001-17,2024-09-30,1,Edifício Sompo Seguros,1.0,Sompo Seguros,"A Vendedora garantiu ao Fundo uma renda mínima garantida mensal equivalente a R$1.027.816,80 (um milhão, vinte e sete mil, oitocentos e dezesseis reais e oitenta centavos) (""RMG""), pelo prazo de 36 (trinta e seis) meses contados da lavratura da Escritura Definitiva (""Período de RMG"")",
42.869.869/0001-17,2024-12-31,1,Edifício Sompo Seguros,1.0,Sompo Seguros,"A Vendedora garantiu ao Fundo uma renda mínima garantida mensal equivalente a R$1.027.816,80 (um milhão, vinte e sete mil, oitocentos e dezesseis reais e oitenta centavos) (""RMG""), pelo prazo de 36 (trinta e seis) meses contados da lavratura da Escritura Definitiva (""Período de RMG"")",
43.010.844/0001-26,2024-03-31,1,Hotel Selina,1.0,Gamaro,"Garantia por 36 meses desde a efetiva aquisição do ativo, tendo valor médio mensal garantido no perído de R$200.000,00 que cobre tanto risco de inadimplência e quanto vacância.",
43.010.844/0001-26,2024-06-30,1,Hotel Selina,1.0,Gamaro,"Garantia por 36 meses desde a efetiva aquisição do ativo, tendo valor médio mensal garantido no perído de R$200.000,00 que cobre tanto risco de inadimplência e quanto vacância.",
45.188.099/0001-35,2024-12-31,1,Apartamento Duplex nº 4 - Condomínio Reboucinhas,0.05555,REBOUCINHAS 3600  EMPREENDIMENTOS IMOBILIÁRIOS SPE. LTDA.,"A RB 3600 garantirá ao FII TELLUS uma receita mensal média equivalente a R$ 45.000,00 (quarenta e cinco mil reais) para a Unidade Autônoma como um todo (""Renda Mínima Garantida Mensal""), durante um período de até 365 (trezentos e sessenta e cinco) dias contados da assinatura deste Instrumento (""Prazo RMG"").",
50.479.122/0001-80,2024-06-30,1,LOG SALVADOR,0.8,LOG SALVADOR SPE,até o pagamento da parcela final da aquisição,
52.219.978/0001-42,2024-03-28,1,Alameda Santos,0.15,São Carlos Empreendimentos e Participações S.A.,"Limitada a R$ 93.000.000,00 para os  quatro imóveis  adquiridos para compor a rentabilidade alvo do Fundo.",
52.219.978/0001-42,2024-03-28,1,Corporate Plaza,0.15,São Carlos Empreendimentos e Participações S.A.,"Limitada a R$ 93.000.000,00 para os  quatro imóveis  adquiridos para compor a rentabilidade alvo do Fundo.",
52.219.978/0001-42,2024-03-28,1,Centro Empresarial Botafogo,0.15,São Carlos Empreendimentos e Participações S.A.,"Limitada a R$ 93.000.000,00 para os  quatro imóveis  adquiridos para compor a rentabilidade alvo do Fundo.",
52.219.978/0001-42,2024-03-28,1,Morumbi Office Tower,0.15,São Carlos Empreendimentos e Participações S.A.,"Limitada a R$ 93.000.000,00 para os  quatro imóveis  adquiridos para compor a rentabilidade alvo do Fundo.",
52.219.978/0001-42,2024-06-28,1,Alameda Santos,0.15,São Carlos Empreendimentos e Participações S.A.,"Limitada a R$ 93.000.000,00 para os  quatro imóveis  adquiridos para compor a rentabilidade alvo do Fundo.",
52.219.978/0001-42,2024-06-28,1,Corporate Plaza,0.15,São Carlos Empreendimentos e Participações S.A.,"Limitada a R$ 93.000.000,00 para os  quatro imóveis  adquiridos para compor a rentabilidade alvo do Fundo.",
52.219.978/0001-42,2024-06-28,1,Centro Empresarial Botafogo,0.15,São Carlos Empreendimentos e Participações S.A.,"Limitada a R$ 93.000.000,00 para os  quatro imóveis  adquiridos para compor a rentabilidade alvo do Fundo.",
52.219.978/0001-42,2024-06-28,1,Morumbi Office Tower,0.15,São Carlos Empreendimentos e Participações S.A.,"Limitada a R$ 93.000.000,00 para os  quatro imóveis  adquiridos para compor a rentabilidade alvo do Fundo.",
52.219.978/0001-42,2024-09-30,1,Alameda Santos,0.15,São Carlos Empreendimentos e Participações S.A.,"Limitada a R$ 93.000.000,00 para os  quatro imóveis  adquiridos para compor a rentabilidade alvo do Fundo.",
52.219.978/0001-42,2024-09-30,1,Corporate Plaza,0.15,São Carlos Empreendimentos e Participações S.A.,"Limitada a R$ 93.000.000,00 para os  quatro imóveis  adquiridos para compor a rentabilidade alvo do Fundo.",
52.219.978/0001-42,2024-09-30,1,Centro Empresarial Botafogo,0.15,São Carlos Empreendimentos e Participações S.A.,"Limitada a R$ 93.000.000,00 para os  quatro imóveis  adquiridos para compor a rentabilidade alvo do Fundo.",
52.219.978/0001-42,2024-09-30,1,Morumbi Office Tower,0.15,São Carlos Empreendimentos e Participações S.A.,"Limitada a R$ 93.000.000,00 para os  quatro imóveis  adquiridos para compor a rentabilidade alvo do Fundo.",
52.219.978/0001-42,2024-12-31,1,Alameda Santos,0.15,São Carlos Empreendimentos e Participações S.A.,"Limitada a R$ 93.000.000,00 para os  quatro imóveis  adquiridos para compor a rentabilidade alvo do Fundo.",
52.219.978/0001-42,2024-12-31,1,Corporate Plaza,0.15,São Carlos Empreendimentos e Participações S.A.,"Limitada a R$ 93.000.000,00 para os  quatro imóveis  adquiridos para compor a rentabilidade alvo do Fundo.",
52.219.978/0001-42,2024-12-31,1,Centro Empresarial Botafogo,0.15,São Carlos Empreendimentos e Participações S.A.,"Limitada a R$ 93.000.000,00 para os  quatro imóveis  adquiridos para compor a rentabilidade alvo do Fundo.",
52.219.978/0001-42,2024-12-31,1,Morumbi Office Tower,0.15,São Carlos Empreendimentos e Participações S.A.,"Limitada a R$ 93.000.000,00 para os  quatro imóveis  adquiridos para compor a rentabilidade alvo do Fundo.",
